title,web_link,pdf_link,authors,abstract,submitted,comments
Blind Super Resolution with Reference Images and Implicit Degradation Representation,https://arxiv.org/abs/2507.13915,https://arxiv.org/pdf/2507.13915,"Huu-Phu Do, Po-Chih Hu, Hao-Chien Hsueh, Che-Kai Liu, Vu-Hoang Tran, Ching-Chun Huang","Previous studies in blind super-resolution (BSR) have primarily concentrated on estimating degradation kernels directly from low-resolution (LR) inputs to enhance super-resolution. However, these degradation kernels, which model the transition from a high-resolution (HR) image to its LR version, should account for not only the degradation process but also the downscaling factor. Applying the same degradation kernel across varying super-resolution scales may be impractical. Our research acknowledges degradation kernels and scaling factors as pivotal elements for the BSR task and introduces a novel strategy that utilizes HR images as references to establish scale-aware degradation kernels. By employing content-irrelevant HR reference images alongside the target LR image, our model adaptively discerns the degradation process. It is then applied to generate additional LR-HR pairs through down-sampling the HR reference images, which are keys to improving the SR performance. Our reference-based training procedure is applicable to proficiently trained blind SR models and zero-shot blind SR methods, consistently outperforming previous methods in both scenarios. This dual consideration of blur kernels and scaling factors, coupled with the use of a reference image, contributes to the effectiveness of our approach in blind super-resolution tasks.","Submitted18 July, 2025;originally announcedJuly 2025.",Accepted byACCV2024
CCNDF: Curvature Constrained Neural Distance Fields from 3D LiDAR Sequences,https://arxiv.org/abs/2412.15909,https://arxiv.org/pdf/2412.15909,"Akshit Singh, Karan Bhakuni, Rajendra Nagar","Neural distance fields (NDF) have emerged as a powerful tool for addressing challenges in 3D computer vision and graphics downstream problems. While significant progress has been made to learn NDF from various kind of sensor data, a crucial aspect that demands attention is the supervision of neural fields during training as the ground-truth NDFs are not available for large-scale outdoor scenes. Previous works have utilized various forms of expected signed distance to guide model learning. Yet, these approaches often need to pay more attention to critical considerations of surface geometry and are limited to small-scale implementations. To this end, we propose a novel methodology leveraging second-order derivatives of the signed distance field for improved neural field learning. Our approach addresses limitations by accurately estimating signed distance, offering a more comprehensive understanding of underlying geometry. To assess the efficacy of our methodology, we conducted comparative evaluations against prevalent methods for mapping and localization tasks, which are primary application areas of NDF. Our results demonstrate the superiority of the proposed approach, highlighting its potential for advancing the capabilities of neural distance fields in computer vision and graphics applications.","Submitted20 December, 2024;originally announcedDecember 2024.","ACCV2024, Oral Presentation"
Locate n' Rotate: Two-stage Openable Part Detection with Foundation Model Priors,https://arxiv.org/abs/2412.13173,https://arxiv.org/pdf/2412.13173,"Siqi Li, Xiaoxue Chen, Haoyu Cheng, Guyue Zhou, Hao Zhao, Guanzhong Tian","Detecting the openable parts of articulated objects is crucial for downstream applications in intelligent robotics, such as pulling a drawer. This task poses a multitasking challenge due to the necessity of understanding object categories and motion. Most existing methods are either category-specific or trained on specific datasets, lacking generalization to unseen environments and objects. In this paper, we propose a Transformer-based Openable Part Detection (OPD) framework named Multi-feature Openable Part Detection (MOPD) that incorporates perceptual grouping and geometric priors, outperforming previous methods in performance. In the first stage of the framework, we introduce a perceptual grouping feature model that provides perceptual grouping feature priors for openable part detection, enhancing detection results through a cross-attention mechanism. In the second stage, a geometric understanding feature model offers geometric feature priors for predicting motion parameters. Compared to existing methods, our proposed approach shows better performance in both detection and motion parameter prediction. Codes and models are publicly available at https://github.com/lisiqi-zju/MOPD","Submitted17 December, 2024;originally announcedDecember 2024.","ACCV2024 Oral, Project: https://github.com/lisiqi-zju/MOPD"
FG-CXR: A Radiologist-Aligned Gaze Dataset for Enhancing Interpretability in Chest X-Ray Report Generation,https://arxiv.org/abs/2411.15413,https://arxiv.org/pdf/2411.15413,"Trong Thang Pham, Ngoc-Vuong Ho, Nhat-Tan Bui, Thinh Phan, Patel Brijesh, Donald Adjeroh, Gianfranco Doretto, Anh Nguyen, Carol C. Wu, Hien Nguyen, Ngan Le","Developing an interpretable system for generating reports in chest X-ray (CXR) analysis is becoming increasingly crucial in Computer-aided Diagnosis (CAD) systems, enabling radiologists to comprehend the decisions made by these systems. Despite the growth of diverse datasets and methods focusing on report generation, there remains a notable gap in how closely these models' generated reports align with the interpretations of real radiologists. In this study, we tackle this challenge by initially introducing Fine-Grained CXR (FG-CXR) dataset, which provides fine-grained paired information between the captions generated by radiologists and the corresponding gaze attention heatmaps for each anatomy. Unlike existing datasets that include a raw sequence of gaze alongside a report, with significant misalignment between gaze location and report content, our FG-CXR dataset offers a more grained alignment between gaze attention and diagnosis transcript. Furthermore, our analysis reveals that simply applying black-box image captioning methods to generate reports cannot adequately explain which information in CXR is utilized and how long needs to attend to accurately generate reports. Consequently, we propose a novel explainable radiologist's attention generator network (Gen-XAI) that mimics the diagnosis process of radiologists, explicitly constraining its output to closely align with both radiologist's gaze attention and transcript. Finally, we perform extensive experiments to illustrate the effectiveness of our method. Our datasets and checkpoint is available at https://github.com/UARK-AICV/FG-CXR.","Submitted22 November, 2024;originally announcedNovember 2024.",ACCV2024
4DPV: 4D Pet from Videos by Coarse-to-Fine Non-Rigid Radiance Fields,https://arxiv.org/abs/2411.10275,https://arxiv.org/pdf/2411.10275,"Sergio M. de Paco, Antonio Agudo","We present a coarse-to-fine neural deformation model to simultaneously recover the camera pose and the 4D reconstruction of an unknown object from multiple RGB sequences in the wild. To that end, our approach does not consider any pre-built 3D template nor 3D training data as well as controlled illumination conditions, and can sort out the problem in a self-supervised manner. Our model exploits canonical and image-variant spaces where both coarse and fine components are considered. We introduce a neural local quadratic model with spatio-temporal consistency to encode fine details that is combined with canonical embeddings in order to establish correspondences across sequences. We thoroughly validate the method on challenging scenarios with complex and real-world deformations, providing both quantitative and qualitative evaluations, an ablation study and a comparison with respect to competing approaches. Our project is available at https://github.com/smontode24/4DPV.","Submitted15 November, 2024;originally announcedNovember 2024.",17th Asian Conference on Computer Vision (ACCV2024)
GTA: Global Tracklet Association for Multi-Object Tracking in Sports,https://arxiv.org/abs/2411.08216,https://arxiv.org/pdf/2411.08216,"Jiacheng Sun, Hsiang-Wei Huang, Cheng-Yen Yang, Zhongyu Jiang, Jenq-Neng Hwang","Multi-object tracking in sports scenarios has become one of the focal points in computer vision, experiencing significant advancements through the integration of deep learning techniques. Despite these breakthroughs, challenges remain, such as accurately re-identifying players upon re-entry into the scene and minimizing ID switches. In this paper, we propose an appearance-based global tracklet association algorithm designed to enhance tracking performance by splitting tracklets containing multiple identities and connecting tracklets seemingly from the same identity. This method can serve as a plug-and-play refinement tool for any multi-object tracker to further boost their performance. The proposed method achieved a new state-of-the-art performance on the SportsMOT dataset with HOTA score of 81.04%. Similarly, on the SoccerNet dataset, our method enhanced multiple trackers' performance, consistently increasing the HOTA score from 79.41% to 83.11%. These significant and consistent improvements across different trackers and datasets underscore our proposed method's potential impact on the application of sports player tracking. We open-source our project codebase at https://github.com/sjc042/gta-link.git.","Submitted12 November, 2024;originally announcedNovember 2024.",Accepted byACCV2024 MLCSA Workshop
Cross Feature Fusion of Fundus Image and Generated Lesion Map for Referable Diabetic Retinopathy Classification,https://arxiv.org/abs/2411.03618,https://arxiv.org/pdf/2411.03618,"Dahyun Mok, Junghyun Bum, Le Duc Tai, Hyunseung Choo","Diabetic Retinopathy (DR) is a primary cause of blindness, necessitating early detection and diagnosis. This paper focuses on referable DR classification to enhance the applicability of the proposed method in clinical practice. We develop an advanced cross-learning DR classification method leveraging transfer learning and cross-attention mechanisms. The proposed method employs the Swin U-Net architecture to segment lesion maps from DR fundus images. The Swin U-Net segmentation model, enriched with DR lesion insights, is transferred to generate a lesion map. Both the fundus image and its segmented lesion map are used as complementary inputs for the classification model. A cross-attention mechanism is deployed to improve the model's ability to capture fine-grained details from the input pairs. Our experiments, utilizing two public datasets, FGADR and EyePACS, demonstrate a superior accuracy of 94.6%, surpassing current state-of-the-art methods by 4.4%. To this end, we aim for the proposed method to be seamlessly integrated into clinical workflows, enhancing accuracy and efficiency in identifying referable DR.","Submitted5 November, 2024;originally announcedNovember 2024.",ACCV2024 accepted
InstantGeoAvatar: Effective Geometry and Appearance Modeling of Animatable Avatars from Monocular Video,https://arxiv.org/abs/2411.01512,https://arxiv.org/pdf/2411.01512,"Alvaro Budria, Adrian Lopez-Rodriguez, Oscar Lorente, Francesc Moreno-Noguer","We present InstantGeoAvatar, a method for efficient and effective learning from monocular video of detailed 3D geometry and appearance of animatable implicit human avatars. Our key observation is that the optimization of a hash grid encoding to represent a signed distance function (SDF) of the human subject is fraught with instabilities and bad local minima. We thus propose a principled geometry-aware SDF regularization scheme that seamlessly fits into the volume rendering pipeline and adds negligible computational overhead. Our regularization scheme significantly outperforms previous approaches for training SDFs on hash grids. We obtain competitive results in geometry reconstruction and novel view synthesis in as little as five minutes of training time, a significant reduction from the several hours required by previous work. InstantGeoAvatar represents a significant leap forward towards achieving interactive reconstruction of virtual avatars.","Submitted29 November, 2024;v1submitted 3 November, 2024;originally announcedNovember 2024.",Accepted as poster to Asian Conference on Computer Vison (ACCV2024)
Guide3D: A Bi-planar X-ray Dataset for 3D Shape Reconstruction,https://arxiv.org/abs/2410.22224,https://arxiv.org/pdf/2410.22224,"Tudor Jianu, Baoru Huang, Hoan Nguyen, Binod Bhattarai, Tuong Do, Erman Tjiputra, Quang Tran, Pierre Berthet-Rayne, Ngan Le, Sebastiano Fichera, Anh Nguyen","Endovascular surgical tool reconstruction represents an important factor in advancing endovascular tool navigation, which is an important step in endovascular surgery. However, the lack of publicly available datasets significantly restricts the development and validation of novel machine learning approaches. Moreover, due to the need for specialized equipment such as biplanar scanners, most of the previous research employs monoplanar fluoroscopic technologies, hence only capturing the data from a single view and significantly limiting the reconstruction accuracy. To bridge this gap, we introduce Guide3D, a bi-planar X-ray dataset for 3D reconstruction. The dataset represents a collection of high resolution bi-planar, manually annotated fluoroscopic videos, captured in real-world settings. Validating our dataset within a simulated environment reflective of clinical settings confirms its applicability for real-world applications. Furthermore, we propose a new benchmark for guidewrite shape prediction, serving as a strong baseline for future work. Guide3D not only addresses an essential need by offering a platform for advancing segmentation and 3D reconstruction techniques but also aids the development of more accurate and efficient endovascular surgery interventions. Our project is available at https://airvlab.github.io/guide3d/.","Submitted29 October, 2024;originally announcedOctober 2024.",Accepted toACCV2024
Enhanced Survival Prediction in Head and Neck Cancer Using Convolutional Block Attention and Multimodal Data Fusion,https://arxiv.org/abs/2410.21831,https://arxiv.org/pdf/2410.21831,"Aiman Farooq, Utkarsh Sharma, Deepak Mishra","Accurate survival prediction in head and neck cancer (HNC) is essential for guiding clinical decision-making and optimizing treatment strategies. Traditional models, such as Cox proportional hazards, have been widely used but are limited in their ability to handle complex multi-modal data. This paper proposes a deep learning-based approach leveraging CT and PET imaging modalities to predict survival outcomes in HNC patients. Our method integrates feature extraction with a Convolutional Block Attention Module (CBAM) and a multi-modal data fusion layer that combines imaging data to generate a compact feature representation. The final prediction is achieved through a fully parametric discrete-time survival model, allowing for flexible hazard functions that overcome the limitations of traditional survival models. We evaluated our approach using the HECKTOR and HEAD-NECK-RADIOMICS- HN1 datasets, demonstrating its superior performance compared to conconventional statistical and machine learning models. The results indicate that our deep learning model significantly improves survival prediction accuracy, offering a robust tool for personalized treatment planning in HNC","Submitted29 October, 2024;originally announcedOctober 2024.",Accepted to [ACCV2024 Workshop]
NT-VOT211: A Large-Scale Benchmark for Night-time Visual Object Tracking,https://arxiv.org/abs/2410.20421,https://arxiv.org/pdf/2410.20421,"Yu Liu, Arif Mahmood, Muhammad Haris Khan","Many current visual object tracking benchmarks such as OTB100, NfS, UAV123, LaSOT, and GOT-10K, predominantly contain day-time scenarios while the challenges posed by the night-time has been less investigated. It is primarily because of the lack of a large-scale, well-annotated night-time benchmark for rigorously evaluating tracking algorithms. To this end, this paper presents NT-VOT211, a new benchmark tailored for evaluating visual object tracking algorithms in the challenging night-time conditions. NT-VOT211 consists of 211 diverse videos, offering 211,000 well-annotated frames with 8 attributes including camera motion, deformation, fast motion, motion blur, tiny target, distractors, occlusion and out-of-view. To the best of our knowledge, it is the largest night-time tracking benchmark to-date that is specifically designed to address unique challenges such as adverse visibility, image blur, and distractors inherent to night-time tracking scenarios. Through a comprehensive analysis of results obtained from 42 diverse tracking algorithms on NT-VOT211, we uncover the strengths and limitations of these algorithms, highlighting opportunities for enhancements in visual object tracking, particularly in environments with suboptimal lighting. Besides, a leaderboard for revealing performance rankings, annotation tools, comprehensive meta-information and all the necessary code for reproducibility of results is made publicly available. We believe that our NT-VOT211 benchmark will not only be instrumental in facilitating field deployment of VOT algorithms, but will also help VOT enhancements and it will unlock new real-world tracking applications. Our dataset and other assets can be found at: {https://github.com/LiuYuML/NV-VOT211.","Submitted27 October, 2024;originally announcedOctober 2024.","Oral Acceptance at the Asian Conference on Computer Vision (ACCV) 2024, Hanoi, Vietnam"
Depth Attention for Robust RGB Tracking,https://arxiv.org/abs/2410.20395,https://arxiv.org/pdf/2410.20395,"Yu Liu, Arif Mahmood, Muhammad Haris Khan","RGB video object tracking is a fundamental task in computer vision. Its effectiveness can be improved using depth information, particularly for handling motion-blurred target. However, depth information is often missing in commonly used tracking benchmarks. In this work, we propose a new framework that leverages monocular depth estimation to counter the challenges of tracking targets that are out of view or affected by motion blur in RGB video sequences. Specifically, our work introduces following contributions. To the best of our knowledge, we are the first to propose a depth attention mechanism and to formulate a simple framework that allows seamlessly integration of depth information with state of the art tracking algorithms, without RGB-D cameras, elevating accuracy and robustness. We provide extensive experiments on six challenging tracking benchmarks. Our results demonstrate that our approach provides consistent gains over several strong baselines and achieves new SOTA performance. We believe that our method will open up new possibilities for more sophisticated VOT solutions in real-world scenarios. Our code and models are publicly released: https://github.com/LiuYuML/Depth-Attention.","Submitted27 October, 2024;originally announcedOctober 2024.","Oral Acceptance at the Asian Conference on Computer Vision (ACCV) 2024, Hanoi, Vietnam"
KhmerST: A Low-Resource Khmer Scene Text Detection and Recognition Benchmark,https://arxiv.org/abs/2410.18277,https://arxiv.org/pdf/2410.18277,"Vannkinh Nom, Souhail Bakkali, Muhammad Muzzamil Luqman, Mickaël Coustaty, Jean-Marc Ogier","Developing effective scene text detection and recognition models hinges on extensive training data, which can be both laborious and costly to obtain, especially for low-resourced languages. Conventional methods tailored for Latin characters often falter with non-Latin scripts due to challenges like character stacking, diacritics, and variable character widths without clear word boundaries. In this paper, we introduce the first Khmer scene-text dataset, featuring 1,544 expert-annotated images, including 997 indoor and 547 outdoor scenes. This diverse dataset includes flat text, raised text, poorly illuminated text, distant and partially obscured text. Annotations provide line-level text and polygonal bounding box coordinates for each scene. The benchmark includes baseline models for scene-text detection and recognition tasks, providing a robust starting point for future research endeavors. The KhmerST dataset is publicly accessible at https://gitlab.com/vannkinhnom123/khmerst.","Submitted23 October, 2024;originally announcedOctober 2024.",Accepted atACCV2024
Medical Imaging Complexity and its Effects on GAN Performance,https://arxiv.org/abs/2410.17959,https://arxiv.org/pdf/2410.17959,"William Cagas, Chan Ko, Blake Hsiao, Shryuk Grandhi, Rishi Bhattacharya, Kevin Zhu, Michael Lam","The proliferation of machine learning models in diverse clinical applications has led to a growing need for high-fidelity, medical image training data. Such data is often scarce due to cost constraints and privacy concerns. Alleviating this burden, medical image synthesis via generative adversarial networks (GANs) emerged as a powerful method for synthetically generating photo-realistic images based on existing sets of real medical images. However, the exact image set size required to efficiently train such a GAN is unclear. In this work, we experimentally establish benchmarks that measure the relationship between a sample dataset size and the fidelity of the generated images, given the dataset's distribution of image complexities. We analyze statistical metrics based on delentropy, an image complexity measure rooted in Shannon's entropy in information theory. For our pipeline, we conduct experiments with two state-of-the-art GANs, StyleGAN 3 and SPADE-GAN, trained on multiple medical imaging datasets with variable sample sizes. Across both GANs, general performance improved with increasing training set size but suffered with increasing complexity.","Submitted23 October, 2024;originally announcedOctober 2024.","Accepted toACCV, Workshop on Generative AI for Synthetic Medical Data"
TranSPORTmer: A Holistic Approach to Trajectory Understanding in Multi-Agent Sports,https://arxiv.org/abs/2410.17785,https://arxiv.org/pdf/2410.17785,"Guillem Capellera, Luis Ferraz, Antonio Rubio, Antonio Agudo, Francesc Moreno-Noguer","Understanding trajectories in multi-agent scenarios requires addressing various tasks, including predicting future movements, imputing missing observations, inferring the status of unseen agents, and classifying different global states. Traditional data-driven approaches often handle these tasks separately with specialized models. We introduce TranSPORTmer, a unified transformer-based framework capable of addressing all these tasks, showcasing its application to the intricate dynamics of multi-agent sports scenarios like soccer and basketball. Using Set Attention Blocks, TranSPORTmer effectively captures temporal dynamics and social interactions in an equivariant manner. The model's tasks are guided by an input mask that conceals missing or yet-to-be-predicted observations. Additionally, we introduce a CLS extra agent to classify states along soccer trajectories, including passes, possessions, uncontrolled states, and out-of-play intervals, contributing to an enhancement in modeling trajectories. Evaluations on soccer and basketball datasets show that TranSPORTmer outperforms state-of-the-art task-specific models in player forecasting, player forecasting-imputation, ball inference, and ball imputation. https://youtu.be/8VtSRm8oGoE","Submitted9 November, 2024;v1submitted 23 October, 2024;originally announcedOctober 2024.",Accepted toACCV2024
GReFEL: Geometry-Aware Reliable Facial Expression Learning under Bias and Imbalanced Data Distribution,https://arxiv.org/abs/2410.15927,https://arxiv.org/pdf/2410.15927,"Azmine Toushik Wasi, Taki Hasan Rafi, Raima Islam, Karlo Serbetar, Dong Kyu Chae","Reliable facial expression learning (FEL) involves the effective learning of distinctive facial expression characteristics for more reliable, unbiased and accurate predictions in real-life settings. However, current systems struggle with FEL tasks because of the variance in people's facial expressions due to their unique facial structures, movements, tones, and demographics. Biased and imbalanced datasets compound this challenge, leading to wrong and biased prediction labels. To tackle these, we introduce GReFEL, leveraging Vision Transformers and a facial geometry-aware anchor-based reliability balancing module to combat imbalanced data distributions, bias, and uncertainty in facial expression learning. Integrating local and global data with anchors that learn different facial data points and structural features, our approach adjusts biased and mislabeled emotions caused by intra-class disparity, inter-class similarity, and scale sensitivity, resulting in comprehensive, accurate, and reliable facial expression predictions. Our model outperforms current state-of-the-art methodologies, as demonstrated by extensive experiments on various datasets.","Submitted21 October, 2024;originally announcedOctober 2024.",ACCV2024. Extended version of ARBEx (arXiv:2305.01486)
HYPNOS : Highly Precise Foreground-focused Diffusion Finetuning for Inanimate Objects,https://arxiv.org/abs/2410.14265,https://arxiv.org/pdf/2410.14265,"Oliverio Theophilus Nathanael, Jonathan Samuel Lumentut, Nicholas Hans Muliawan, Edbert Valencio Angky, Felix Indra Kurniadi, Alfi Yusrotis Zakiyyah, Jeklin Harefa","In recent years, personalized diffusion-based text-to-image generative tasks have been a hot topic in computer vision studies. A robust diffusion model is determined by its ability to perform near-perfect reconstruction of certain product outcomes given few related input samples. Unfortunately, the current prominent diffusion-based finetuning technique falls short in maintaining the foreground object consistency while being constrained to produce diverse backgrounds in the image outcome. In the worst scenario, the overfitting issue may occur, meaning that the foreground object is less controllable due to the condition above, for example, the input prompt information is transferred ambiguously to both foreground and background regions, instead of the supposed background region only. To tackle the issues above, we proposed Hypnos, a highly precise foreground-focused diffusion finetuning technique. On the image level, this strategy works best for inanimate object generation tasks, and to do so, Hypnos implements two main approaches, namely: (i) a content-centric prompting strategy and (ii) the utilization of our additional foreground-focused discriminative module. The utilized module is connected with the diffusion model and finetuned with our proposed set of supervision mechanism. Combining the strategies above yielded to the foreground-background disentanglement capability of the diffusion model. Our experimental results showed that the proposed strategy gave a more robust performance and visually pleasing results compared to the former technique. For better elaborations, we also provided extensive studies to assess the fruitful outcomes above, which reveal how personalization behaves in regard to several training conditions.","Submitted12 November, 2024;v1submitted 18 October, 2024;originally announcedOctober 2024.","26 pages, 12 figures, to appear on the Rich Media with Generative AI workshop in conjunction with Asian Conference on Computer Vision (ACCV) 2024"
Co-Segmentation without any Pixel-level Supervision with Application to Large-Scale Sketch Classification,https://arxiv.org/abs/2410.13582,https://arxiv.org/pdf/2410.13582,"Nikolaos-Antonios Ypsilantis, Ondřej Chum","This work proposes a novel method for object co-segmentation, i.e. pixel-level localization of a common object in a set of images, that uses no pixel-level supervision for training. Two pre-trained Vision Transformer (ViT) models are exploited: ImageNet classification-trained ViT, whose features are used to estimate rough object localization through intra-class token relevance, and a self-supervised DINO-ViT for intra-image token relevance. On recent challenging benchmarks, the method achieves state-of-the-art performance among methods trained with the same level of supervision (image labels) while being competitive with methods trained with pixel-level supervision (binary masks). The benefits of the proposed co-segmentation method are further demonstrated in the task of large-scale sketch recognition, that is, the classification of sketches into a wide range of categories. The limited amount of hand-drawn sketch training data is leveraged by exploiting readily available image-level-annotated datasets of natural images containing a large number of classes. To bridge the domain gap, the classifier is trained on a sketch-like proxy domain derived from edges detected on natural images. We show that sketch recognition significantly benefits when the classifier is trained on sketch-like structures extracted from the co-segmented area rather than from the full image. Code: https://github.com/nikosips/CBNC .","Submitted17 October, 2024;originally announcedOctober 2024.",ACCV2024 Main Paper + Supplementary (Appendix)
Unsupervised Skull Segmentation via Contrastive MR-to-CT Modality Translation,https://arxiv.org/abs/2410.13427,https://arxiv.org/pdf/2410.13427,"Kamil Kwarciak, Mateusz Daniol, Daria Hemmerling, Marek Wodzinski","The skull segmentation from CT scans can be seen as an already solved problem. However, in MR this task has a significantly greater complexity due to the presence of soft tissues rather than bones. Capturing the bone structures from MR images of the head, where the main visualization objective is the brain, is very demanding. The attempts that make use of skull stripping seem to not be well suited for this task and fail to work in many cases. On the other hand, supervised approaches require costly and time-consuming skull annotations. To overcome the difficulties we propose a fully unsupervised approach, where we do not perform the segmentation directly on MR images, but we rather perform a synthetic CT data generation via MR-to-CT translation and perform the segmentation there. We address many issues associated with unsupervised skull segmentation including the unpaired nature of MR and CT datasets (contrastive learning), low resolution and poor quality (super-resolution), and generalization capabilities. The research has a significant value for downstream tasks requiring skull segmentation from MR volumes such as craniectomy or surgery planning and can be seen as an important step towards the utilization of synthetic data in medical imaging.","Submitted17 October, 2024;originally announcedOctober 2024.","16 pages, 5 figures,ACCV2024 - GAISynMeD Workshop"
Beyond Coarse-Grained Matching in Video-Text Retrieval,https://arxiv.org/abs/2410.12407,https://arxiv.org/pdf/2410.12407,"Aozhu Chen, Hazel Doughty, Xirong Li, Cees G. M. Snoek","Video-text retrieval has seen significant advancements, yet the ability of models to discern subtle differences in captions still requires verification. In this paper, we introduce a new approach for fine-grained evaluation. Our approach can be applied to existing datasets by automatically generating hard negative test captions with subtle single-word variations across nouns, verbs, adjectives, adverbs, and prepositions. We perform comprehensive experiments using four state-of-the-art models across two standard benchmarks (MSR-VTT and VATEX) and two specially curated datasets enriched with detailed descriptions (VLN-UVO and VLN-OOPS), resulting in a number of novel insights: 1) our analyses show that the current evaluation benchmarks fall short in detecting a model's ability to perceive subtle single-word differences, 2) our fine-grained evaluation highlights the difficulty models face in distinguishing such subtle variations. To enhance fine-grained understanding, we propose a new baseline that can be easily combined with current methods. Experiments on our fine-grained evaluations demonstrate that this approach enhances a model's ability to understand fine-grained differences.","Submitted17 October, 2024;v1submitted 16 October, 2024;originally announcedOctober 2024.",Accepted toACCV2024
LocoMotion: Learning Motion-Focused Video-Language Representations,https://arxiv.org/abs/2410.12018,https://arxiv.org/pdf/2410.12018,"Hazel Doughty, Fida Mohammad Thoker, Cees G. M. Snoek","This paper strives for motion-focused video-language representations. Existing methods to learn video-language representations use spatial-focused data, where identifying the objects and scene is often enough to distinguish the relevant caption. We instead propose LocoMotion to learn from motion-focused captions that describe the movement and temporal progression of local object motions. We achieve this by adding synthetic motions to videos and using the parameters of these motions to generate corresponding captions. Furthermore, we propose verb-variation paraphrasing to increase the caption variety and learn the link between primitive motions and high-level verbs. With this, we are able to learn a motion-focused video-language representation. Experiments demonstrate our approach is effective for a variety of downstream tasks, particularly when limited data is available for fine-tuning. Code is available: https://hazeldoughty.github.io/Papers/LocoMotion/","Submitted23 October, 2024;v1submitted 15 October, 2024;originally announcedOctober 2024.",ACCV2024 Oral
It's Just Another Day: Unique Video Captioning by Discriminative Prompting,https://arxiv.org/abs/2410.11702,https://arxiv.org/pdf/2410.11702,"Toby Perrett, Tengda Han, Dima Damen, Andrew Zisserman","Long videos contain many repeating actions, events and shots. These repetitions are frequently given identical captions, which makes it difficult to retrieve the exact desired clip using a text search. In this paper, we formulate the problem of unique captioning: Given multiple clips with the same caption, we generate a new caption for each clip that uniquely identifies it. We propose Captioning by Discriminative Prompting (CDP), which predicts a property that can separate identically captioned clips, and use it to generate unique captions. We introduce two benchmarks for unique captioning, based on egocentric footage and timeloop movies - where repeating actions are common. We demonstrate that captions generated by CDP improve text-to-video R@1 by 15% for egocentric videos and 10% in timeloop movies.","Submitted15 October, 2024;originally announcedOctober 2024.",ACCV2024 Oral. Project page: https://tobyperrett.github.io/its-just-another-day/
Character-aware audio-visual subtitling in context,https://arxiv.org/abs/2410.11068,https://arxiv.org/pdf/2410.11068,"Jaesung Huh, Andrew Zisserman","This paper presents an improved framework for character-aware audio-visual subtitling in TV shows. Our approach integrates speech recognition, speaker diarisation, and character recognition, utilising both audio and visual cues. This holistic solution addresses what is said, when it's said, and who is speaking, providing a more comprehensive and accurate character-aware subtitling for TV shows. Our approach brings improvements on two fronts: first, we show that audio-visual synchronisation can be used to pick out the talking face amongst others present in a video clip, and assign an identity to the corresponding speech segment. This audio-visual approach improves recognition accuracy and yield over current methods. Second, we show that the speaker of short segments can be determined by using the temporal context of the dialogue within a scene. We propose an approach using local voice embeddings of the audio, and large language model reasoning on the text transcription. This overcomes a limitation of existing methods that they are unable to accurately assign speakers to short temporal segments. We validate the method on a dataset with 12 TV shows, demonstrating superior performance in speaker diarisation and character recognition accuracy compared to existing approaches. Project page : https://www.robots.ox.ac.uk/~vgg/research/llr-context/","Submitted14 October, 2024;originally announcedOctober 2024.",ACCV2024
Continual Learning Improves Zero-Shot Action Recognition,https://arxiv.org/abs/2410.10497,https://arxiv.org/pdf/2410.10497,"Shreyank N Gowda, Davide Moltisanti, Laura Sevilla-Lara","Zero-shot action recognition requires a strong ability to generalize from pre-training and seen classes to novel unseen classes. Similarly, continual learning aims to develop models that can generalize effectively and learn new tasks without forgetting the ones previously learned. The generalization goals of zero-shot and continual learning are closely aligned, however techniques from continual learning have not been applied to zero-shot action recognition. In this paper, we propose a novel method based on continual learning to address zero-shot action recognition. This model, which we call {\em Generative Iterative Learning} (GIL) uses a memory of synthesized features of past classes, and combines these synthetic features with real ones from novel classes. The memory is used to train a classification model, ensuring a balanced exposure to both old and new classes. Experiments demonstrate that {\em GIL} improves generalization in unseen classes, achieving a new state-of-the-art in zero-shot recognition across multiple benchmarks. Importantly, {\em GIL} also boosts performance in the more challenging generalized zero-shot setting, where models need to retain knowledge about classes seen before fine-tuning.","Submitted14 October, 2024;originally announcedOctober 2024.",Accepted inACCV2024
Interaction-Guided Two-Branch Image Dehazing Network,https://arxiv.org/abs/2410.10121,https://arxiv.org/pdf/2410.10121,"Huichun Liu, Xiaosong Li, Tianshu Tan","Image dehazing aims to restore clean images from hazy ones. Convolutional Neural Networks (CNNs) and Transformers have demonstrated exceptional performance in local and global feature extraction, respectively, and currently represent the two mainstream frameworks in image dehazing. In this paper, we propose a novel dual-branch image dehazing framework that guides CNN and Transformer components interactively. We reconsider the complementary characteristics of CNNs and Transformers by leveraging the differential relationships between global and local features for interactive guidance. This approach enables the capture of local feature positions through global attention maps, allowing the CNN to focus solely on feature information at effective positions. The single-branch Transformer design ensures the network's global information recovery capability. Extensive experiments demonstrate that our proposed method yields competitive qualitative and quantitative evaluation performance on both synthetic and real public datasets. Codes are available at https://github.com/Feecuin/Two-Branch-Dehazing","Submitted13 October, 2024;originally announcedOctober 2024.",Accepted byACCV2024
LoLI-Street: Benchmarking Low-Light Image Enhancement and Beyond,https://arxiv.org/abs/2410.09831,https://arxiv.org/pdf/2410.09831,"Md Tanvir Islam, Inzamamul Alam, Simon S. Woo, Saeed Anwar, IK Hyun Lee, Khan Muhammad","Low-light image enhancement (LLIE) is essential for numerous computer vision tasks, including object detection, tracking, segmentation, and scene understanding. Despite substantial research on improving low-quality images captured in underexposed conditions, clear vision remains critical for autonomous vehicles, which often struggle with low-light scenarios, signifying the need for continuous research. However, paired datasets for LLIE are scarce, particularly for street scenes, limiting the development of robust LLIE methods. Despite using advanced transformers and/or diffusion-based models, current LLIE methods struggle in real-world low-light conditions and lack training on street-scene datasets, limiting their effectiveness for autonomous vehicles. To bridge these gaps, we introduce a new dataset LoLI-Street (Low-Light Images of Streets) with 33k paired low-light and well-exposed images from street scenes in developed cities, covering 19k object classes for object detection. LoLI-Street dataset also features 1,000 real low-light test images for testing LLIE models under real-life conditions. Furthermore, we propose a transformer and diffusion-based LLIE model named ""TriFuse"". Leveraging the LoLI-Street dataset, we train and evaluate our TriFuse and SOTA models to benchmark on our dataset. Comparing various models, our dataset's generalization feasibility is evident in testing across different mainstream datasets by significantly enhancing images and object detection for practical applications in autonomous driving and surveillance systems. The complete code and dataset is available on https://github.com/tanvirnwu/TriFuse.","Submitted13 October, 2024;originally announcedOctober 2024.",Accepted by the Asian Conference on Computer Vision (ACCV2024)
DFIMat: Decoupled Flexible Interactive Matting in Multi-Person Scenarios,https://arxiv.org/abs/2410.09788,https://arxiv.org/pdf/2410.09788,"Siyi Jiao, Wenzheng Zeng, Changxin Gao, Nong Sang","Interactive portrait matting refers to extracting the soft portrait from a given image that best meets the user's intent through their inputs. Existing methods often underperform in complex scenarios, mainly due to three factors. (1) Most works apply a tightly coupled network that directly predicts matting results, lacking interpretability and resulting in inadequate modeling. (2) Existing works are limited to a single type of user input, which is ineffective for intention understanding and also inefficient for user operation. (3) The multi-round characteristics have been under-explored, which is crucial for user interaction. To alleviate these limitations, we propose DFIMat, a decoupled framework that enables flexible interactive matting. Specifically, we first decouple the task into 2 sub-ones: localizing target instances by understanding scene semantics and the flexible user inputs, and conducting refinement for instance-level matting. We observe a clear performance gain from decoupling, as it makes sub-tasks easier to learn, and the flexible multi-type input further enhances both effectiveness and efficiency. DFIMat also considers the multi-round interaction property, where a contrastive reasoning module is designed to enhance cross-round refinement. Another limitation for multi-person matting task is the lack of training data. We address this by introducing a new synthetic data generation pipeline that can generate much more realistic samples than previous arts. A new large-scale dataset SMPMat is subsequently established. Experiments verify the significant superiority of DFIMat. With it, we also investigate the roles of different input types, providing valuable principles for users. Our code and dataset can be found at https://github.com/JiaoSiyi/DFIMat.","Submitted13 October, 2024;originally announcedOctober 2024.",Accepted byACCV2024
Leveraging Semantic Cues from Foundation Vision Models for Enhanced Local Feature Correspondence,https://arxiv.org/abs/2410.09533,https://arxiv.org/pdf/2410.09533,"Felipe Cadar, Guilherme Potje, Renato Martins, Cédric Demonceaux, Erickson R. Nascimento","Visual correspondence is a crucial step in key computer vision tasks, including camera localization, image registration, and structure from motion. The most effective techniques for matching keypoints currently involve using learned sparse or dense matchers, which need pairs of images. These neural networks have a good general understanding of features from both images, but they often struggle to match points from different semantic areas. This paper presents a new method that uses semantic cues from foundation vision model features (like DINOv2) to enhance local feature matching by incorporating semantic reasoning into existing descriptors. Therefore, the learned descriptors do not require image pairs at inference time, allowing feature caching and fast matching using similarity search, unlike learned matchers. We present adapted versions of six existing descriptors, with an average increase in performance of 29% in camera localization, with comparable accuracy to existing matchers as LightGlue and LoFTR in two existing benchmarks. Both code and trained models are available at https://www.verlab.dcc.ufmg.br/descriptors/reasoning_accv24","Submitted12 October, 2024;originally announcedOctober 2024.",Accepted inACCV2024
Few Exemplar-Based General Medical Image Segmentation via Domain-Aware Selective Adaptation,https://arxiv.org/abs/2410.09254,https://arxiv.org/pdf/2410.09254,"Chen Xu, Qiming Huang, Yuqi Hou, Jiangxing Wu, Fan Zhang, Hyung Jin Chang, Jianbo Jiao","Medical image segmentation poses challenges due to domain gaps, data modality variations, and dependency on domain knowledge or experts, especially for low- and middle-income countries (LMICs). Whereas for humans, given a few exemplars (with corresponding labels), we are able to segment different medical images even without exten-sive domain-specific clinical training. In addition, current SAM-based medical segmentation models use fine-grained visual prompts, such as the bounding rectangle generated from manually annotated target segmentation mask, as the bounding box (bbox) prompt during the testing phase. However, in actual clinical scenarios, no such precise prior knowledge is available. Our experimental results also reveal that previous models nearly fail to predict when given coarser bbox prompts. Considering these issues, in this paper, we introduce a domain-aware selective adaptation approach to adapt the general knowledge learned from a large model trained with natural images to the corresponding medical domains/modalities, with access to only a few (e.g. less than 5) exemplars. Our method mitigates the aforementioned limitations, providing an efficient and LMICs-friendly solution. Extensive experimental analysis showcases the effectiveness of our approach, offering potential advancements in healthcare diagnostics and clinical applications in LMICs.","Submitted25 October, 2024;v1submitted 11 October, 2024;originally announcedOctober 2024.",Accepcted inACCV2024
Enhanced Kalman with Adaptive Appearance Motion SORT for Grounded Generic Multiple Object Tracking,https://arxiv.org/abs/2410.09243,https://arxiv.org/pdf/2410.09243,"Duy Le Dinh Anh, Kim Hoang Tran, Quang-Thuc Nguyen, Ngan Hoang Le","Despite recent progress, Multi-Object Tracking (MOT) continues to face significant challenges, particularly its dependence on prior knowledge and predefined categories, complicating the tracking of unfamiliar objects. Generic Multiple Object Tracking (GMOT) emerges as a promising solution, requiring less prior information. Nevertheless, existing GMOT methods, primarily designed as OneShot-GMOT, rely heavily on initial bounding boxes and often struggle with variations in viewpoint, lighting, occlusion, and scale. To overcome the limitations inherent in both MOT and GMOT when it comes to tracking objects with specific generic attributes, we introduce Grounded-GMOT, an innovative tracking paradigm that enables users to track multiple generic objects in videos through natural language descriptors.
  Our contributions begin with the introduction of the G2MOT dataset, which includes a collection of videos featuring a wide variety of generic objects, each accompanied by detailed textual descriptions of their attributes. Following this, we propose a novel tracking method, KAM-SORT, which not only effectively integrates visual appearance with motion cues but also enhances the Kalman filter. KAM-SORT proves particularly advantageous when dealing with objects of high visual similarity from the same generic category in GMOT scenarios. Through comprehensive experiments, we demonstrate that Grounded-GMOT outperforms existing OneShot-GMOT approaches. Additionally, our extensive comparisons between various trackers highlight KAM-SORT's efficacy in GMOT, further establishing its significance in the field. Project page: https://UARK-AICV.github.io/G2MOT. The source code and dataset will be made publicly available.","Submitted11 October, 2024;originally announcedOctober 2024.","ACCV2024, main track, oral presentation"
Foundation Model-Powered 3D Few-Shot Class Incremental Learning via Training-free Adaptor,https://arxiv.org/abs/2410.09237,https://arxiv.org/pdf/2410.09237,"Sahar Ahmadi, Ali Cheraghian, Morteza Saberi, Md. Towsif Abir, Hamidreza Dastmalchi, Farookh Hussain, Shafin Rahman","Recent advances in deep learning for processing point clouds hold increased interest in Few-Shot Class Incremental Learning (FSCIL) for 3D computer vision. This paper introduces a new method to tackle the Few-Shot Continual Incremental Learning (FSCIL) problem in 3D point cloud environments. We leverage a foundational 3D model trained extensively on point cloud data. Drawing from recent improvements in foundation models, known for their ability to work well across different tasks, we propose a novel strategy that does not require additional training to adapt to new tasks. Our approach uses a dual cache system: first, it uses previous test samples based on how confident the model was in its predictions to prevent forgetting, and second, it includes a small number of new task samples to prevent overfitting. This dynamic adaptation ensures strong performance across different learning tasks without needing lots of fine-tuning. We tested our approach on datasets like ModelNet, ShapeNet, ScanObjectNN, and CO3D, showing that it outperforms other FSCIL methods and demonstrating its effectiveness and versatility. The code is available at \url{https://github.com/ahmadisahar/ACCV_FCIL3D}.","Submitted11 October, 2024;originally announcedOctober 2024.",ACCV2024
MeshGS: Adaptive Mesh-Aligned Gaussian Splatting for High-Quality Rendering,https://arxiv.org/abs/2410.08941,https://arxiv.org/pdf/2410.08941,"Jaehoon Choi, Yonghan Lee, Hyungtae Lee, Heesung Kwon, Dinesh Manocha","Recently, 3D Gaussian splatting has gained attention for its capability to generate high-fidelity rendering results. At the same time, most applications such as games, animation, and AR/VR use mesh-based representations to represent and render 3D scenes. We propose a novel approach that integrates mesh representation with 3D Gaussian splats to perform high-quality rendering of reconstructed real-world scenes. In particular, we introduce a distance-based Gaussian splatting technique to align the Gaussian splats with the mesh surface and remove redundant Gaussian splats that do not contribute to the rendering. We consider the distance between each Gaussian splat and the mesh surface to distinguish between tightly-bound and loosely-bound Gaussian splats. The tightly-bound splats are flattened and aligned well with the mesh geometry. The loosely-bound Gaussian splats are used to account for the artifacts in reconstructed 3D meshes in terms of rendering. We present a training strategy of binding Gaussian splats to the mesh geometry, and take into account both types of splats. In this context, we introduce several regularization techniques aimed at precisely aligning tightly-bound Gaussian splats with the mesh surface during the training process. We validate the effectiveness of our method on large and unbounded scene from mip-NeRF 360 and Deep Blending datasets. Our method surpasses recent mesh-based neural rendering techniques by achieving a 2dB higher PSNR, and outperforms mesh-based Gaussian splatting methods by 1.3 dB PSNR, particularly on the outdoor mip-NeRF 360 dataset, demonstrating better rendering quality. We provide analyses for each type of Gaussian splat and achieve a reduction in the number of Gaussian splats by 30% compared to the original 3D Gaussian splatting.","Submitted11 October, 2024;originally announcedOctober 2024.",ACCV(Asian Conference on Computer Vision) 2024
TANet: Triplet Attention Network for All-In-One Adverse Weather Image Restoration,https://arxiv.org/abs/2410.08177,https://arxiv.org/pdf/2410.08177,"Hsing-Hua Wang, Fu-Jen Tsai, Yen-Yu Lin, Chia-Wen Lin","Adverse weather image restoration aims to remove unwanted degraded artifacts, such as haze, rain, and snow, caused by adverse weather conditions. Existing methods achieve remarkable results for addressing single-weather conditions. However, they face challenges when encountering unpredictable weather conditions, which often happen in real-world scenarios. Although different weather conditions exhibit different degradation patterns, they share common characteristics that are highly related and complementary, such as occlusions caused by degradation patterns, color distortion, and contrast attenuation due to the scattering of atmospheric particles. Therefore, we focus on leveraging common knowledge across multiple weather conditions to restore images in a unified manner. In this paper, we propose a Triplet Attention Network (TANet) to efficiently and effectively address all-in-one adverse weather image restoration. TANet consists of Triplet Attention Block (TAB) that incorporates three types of attention mechanisms: Local Pixel-wise Attention (LPA) and Global Strip-wise Attention (GSA) to address occlusions caused by non-uniform degradation patterns, and Global Distribution Attention (GDA) to address color distortion and contrast attenuation caused by atmospheric phenomena. By leveraging common knowledge shared across different weather conditions, TANet successfully addresses multiple weather conditions in a unified manner. Experimental results show that TANet efficiently and effectively achieves state-of-the-art performance in all-in-one adverse weather image restoration. The source code is available at https://github.com/xhuachris/TANet-ACCV-2024.","Submitted10 October, 2024;originally announcedOctober 2024.",17 pages (ACCV2024)
RayEmb: Arbitrary Landmark Detection in X-Ray Images Using Ray Embedding Subspace,https://arxiv.org/abs/2410.08152,https://arxiv.org/pdf/2410.08152,"Pragyan Shrestha, Chun Xie, Yuichi Yoshii, Itaru Kitahara","Intra-operative 2D-3D registration of X-ray images with pre-operatively acquired CT scans is a crucial procedure in orthopedic surgeries. Anatomical landmarks pre-annotated in the CT volume can be detected in X-ray images to establish 2D-3D correspondences, which are then utilized for registration. However, registration often fails in certain view angles due to poor landmark visibility. We propose a novel method to address this issue by detecting arbitrary landmark points in X-ray images. Our approach represents 3D points as distinct subspaces, formed by feature vectors (referred to as ray embeddings) corresponding to intersecting rays. Establishing 2D-3D correspondences then becomes a task of finding ray embeddings that are close to a given subspace, essentially performing an intersection test. Unlike conventional methods for landmark estimation, our approach eliminates the need for manually annotating fixed landmarks. We trained our model using the synthetic images generated from CTPelvic1K CLINIC dataset, which contains 103 CT volumes, and evaluated it on the DeepFluoro dataset, comprising real X-ray images. Experimental results demonstrate the superiority of our method over conventional methods. The code is available at https://github.com/Pragyanstha/rayemb.","Submitted10 October, 2024;originally announcedOctober 2024.",Accepted as an oral presentation atACCV2024
DPL: Cross-quality DeepFake Detection via Dual Progressive Learning,https://arxiv.org/abs/2410.07633,https://arxiv.org/pdf/2410.07633,"Dongliang Zhang, Yunfei Li, Jiaran Zhou, Yuezun Li","Real-world DeepFake videos often undergo various compression operations, resulting in a range of video qualities. These varying qualities diversify the pattern of forgery traces, significantly increasing the difficulty of DeepFake detection. To address this challenge, we introduce a new Dual Progressive Learning (DPL) framework for cross-quality DeepFake detection. We liken this task to progressively drilling for underground water, where low-quality videos require more effort than high-quality ones. To achieve this, we develop two sequential-based branches to ""drill waters"" with different efforts. The first branch progressively excavates the forgery traces according to the levels of video quality, i.e., time steps, determined by a dedicated CLIP-based indicator. In this branch, a Feature Selection Module is designed to adaptively assign appropriate features to the corresponding time steps. Considering that different techniques may introduce varying forgery traces within the same video quality, we design a second branch targeting forgery identifiability as complementary. This branch operates similarly and shares the feature selection module with the first branch. Our design takes advantage of the sequential model where computational units share weights across different time steps and can memorize previous progress, elegantly achieving progressive learning while maintaining reasonable memory costs. Extensive experiments demonstrate the superiority of our method for cross-quality DeepFake detection.","Submitted10 October, 2024;originally announcedOctober 2024.",ACCV2024
O1O: Grouping of Known Classes to Identify Unknown Objects as Odd-One-Out,https://arxiv.org/abs/2410.07514,https://arxiv.org/pdf/2410.07514,"Mısra Yavuz, Fatma Güney","Object detection methods trained on a fixed set of known classes struggle to detect objects of unknown classes in the open-world setting. Current fixes involve adding approximate supervision with pseudo-labels corresponding to candidate locations of objects, typically obtained in a class-agnostic manner. While previous approaches mainly rely on the appearance of objects, we find that geometric cues improve unknown recall. Although additional supervision from pseudo-labels helps to detect unknown objects, it also introduces confusion for known classes. We observed a notable decline in the model's performance for detecting known objects in the presence of noisy pseudo-labels. Drawing inspiration from studies on human cognition, we propose to group known classes into superclasses. By identifying similarities between classes within a superclass, we can identify unknown classes through an odd-one-out scoring mechanism. Our experiments on open-world detection benchmarks demonstrate significant improvements in unknown recall, consistently across all tasks. Crucially, we achieve this without compromising known performance, thanks to better partitioning of the feature space with superclasses.","Submitted9 October, 2024;originally announcedOctober 2024.",Accepted atACCV2024 (Oral)
Language-Guided Joint Audio-Visual Editing via One-Shot Adaptation,https://arxiv.org/abs/2410.07463,https://arxiv.org/pdf/2410.07463,"Susan Liang, Chao Huang, Yapeng Tian, Anurag Kumar, Chenliang Xu","In this paper, we introduce a novel task called language-guided joint audio-visual editing. Given an audio and image pair of a sounding event, this task aims at generating new audio-visual content by editing the given sounding event conditioned on the language guidance. For instance, we can alter the background environment of a sounding object while keeping its appearance unchanged, or we can add new sounds contextualized to the visual content. To address this task, we propose a new diffusion-based framework for joint audio-visual editing and introduce two key ideas. Firstly, we propose a one-shot adaptation approach to tailor generative diffusion models for audio-visual content editing. With as few as one audio-visual sample, we jointly transfer the audio and vision diffusion models to the target domain. After fine-tuning, our model enables consistent generation of this audio-visual sample. Secondly, we introduce a cross-modal semantic enhancement approach. We observe that when using language as content editing guidance, the vision branch may overlook editing requirements. This phenomenon, termed catastrophic neglect, hampers audio-visual alignment during content editing. We therefore enhance semantic consistency between language and vision to mitigate this issue. Extensive experiments validate the effectiveness of our method in language-based audio-visual editing and highlight its superiority over several baseline approaches. We recommend that readers visit our project page for more details: https://liangsusan-git.github.io/project/avedit/.","Submitted8 November, 2024;v1submitted 9 October, 2024;originally announcedOctober 2024.",ACCV2024
Boosting Few-Shot Detection with Large Language Models and Layout-to-Image Synthesis,https://arxiv.org/abs/2410.06841,https://arxiv.org/pdf/2410.06841,"Ahmed Abdullah, Nikolas Ebert, Oliver Wasenmüller","Recent advancements in diffusion models have enabled a wide range of works exploiting their ability to generate high-volume, high-quality data for use in various downstream tasks. One subclass of such models, dubbed Layout-to-Image Synthesis (LIS), learns to generate images conditioned on a spatial layout (bounding boxes, masks, poses, etc.) and has shown a promising ability to generate realistic images, albeit with limited layout-adherence. Moreover, the question of how to effectively transfer those models for scalable augmentation of few-shot detection data remains unanswered. Thus, we propose a collaborative framework employing a Large Language Model (LLM) and an LIS model for enhancing few-shot detection beyond state-of-the-art generative augmentation approaches. We leverage LLM's reasoning ability to extrapolate the spatial prior of the annotation space by generating new bounding boxes given only a few example annotations. Additionally, we introduce our novel layout-aware CLIP score for sample ranking, enabling tight coupling between generated layouts and images. Significant improvements on COCO few-shot benchmarks are observed. With our approach, a YOLOX-S baseline is boosted by more than 140%, 50%, 35% in mAP on the COCO 5-,10-, and 30-shot settings, respectively.","Submitted9 October, 2024;originally announcedOctober 2024.","This paper has been accepted at the Asian Conference on Computer Vision (ACCV), 2024"
Enhanced Super-Resolution Training via Mimicked Alignment for Real-World Scenes,https://arxiv.org/abs/2410.05410,https://arxiv.org/pdf/2410.05410,"Omar Elezabi, Zongwei Wu, Radu Timofte","Image super-resolution methods have made significant strides with deep learning techniques and ample training data. However, they face challenges due to inherent misalignment between low-resolution (LR) and high-resolution (HR) pairs in real-world datasets. In this study, we propose a novel plug-and-play module designed to mitigate these misalignment issues by aligning LR inputs with HR images during training. Specifically, our approach involves mimicking a novel LR sample that aligns with HR while preserving the degradation characteristics of the original LR samples. This module seamlessly integrates with any SR model, enhancing robustness against misalignment. Importantly, it can be easily removed during inference, therefore without introducing any parameters on the conventional SR models. We comprehensively evaluate our method on synthetic and real-world datasets, demonstrating its effectiveness across a spectrum of SR models, including traditional CNNs and state-of-the-art Transformers. The source codes will be publicly made available at https://github.com/omarAlezaby/Mimicked_Ali .","Submitted7 October, 2024;originally announcedOctober 2024.",Accepted byACCV2024
TuneVLSeg: Prompt Tuning Benchmark for Vision-Language Segmentation Models,https://arxiv.org/abs/2410.05239,https://arxiv.org/pdf/2410.05239,"Rabin Adhikari, Safal Thapaliya, Manish Dhakal, Bishesh Khanal","Vision-Language Models (VLMs) have shown impressive performance in vision tasks, but adapting them to new domains often requires expensive fine-tuning. Prompt tuning techniques, including textual, visual, and multimodal prompting, offer efficient alternatives by leveraging learnable prompts. However, their application to Vision-Language Segmentation Models (VLSMs) and evaluation under significant domain shifts remain unexplored. This work presents an open-source benchmarking framework, TuneVLSeg, to integrate various unimodal and multimodal prompt tuning techniques into VLSMs, making prompt tuning usable for downstream segmentation datasets with any number of classes. TuneVLSeg includes $6$ prompt tuning strategies on various prompt depths used in $2$ VLSMs totaling of $8$ different combinations. We test various prompt tuning on $8$ diverse medical datasets, including $3$ radiology datasets (breast tumor, echocardiograph, chest X-ray pathologies) and $5$ non-radiology datasets (polyp, ulcer, skin cancer), and two natural domain segmentation datasets. Our study found that textual prompt tuning struggles under significant domain shifts, from natural-domain images to medical data. Furthermore, visual prompt tuning, with fewer hyperparameters than multimodal prompt tuning, often achieves performance competitive to multimodal approaches, making it a valuable first attempt. Our work advances the understanding and applicability of different prompt-tuning techniques for robust domain-specific segmentation. The source code is available at https://github.com/naamiinepal/tunevlseg.","Submitted8 October, 2024;v1submitted 7 October, 2024;originally announcedOctober 2024.",Accepted atACCV2024 (oral presentation)
Improving Image Clustering with Artifacts Attenuation via Inference-Time Attention Engineering,https://arxiv.org/abs/2410.04801,https://arxiv.org/pdf/2410.04801,"Kazumoto Nakamura, Yuji Nozawa, Yu-Chieh Lin, Kengo Nakata, Youyang Ng","The goal of this paper is to improve the performance of pretrained Vision Transformer (ViT) models, particularly DINOv2, in image clustering task without requiring re-training or fine-tuning. As model size increases, high-norm artifacts anomaly appears in the patches of multi-head attention. We observe that this anomaly leads to reduced accuracy in zero-shot image clustering. These artifacts are characterized by disproportionately large values in the attention map compared to other patch tokens. To address these artifacts, we propose an approach called Inference-Time Attention Engineering (ITAE), which manipulates attention function during inference. Specifically, we identify the artifacts by investigating one of the Query-Key-Value (QKV) patches in the multi-head attention and attenuate their corresponding attention values inside the pretrained models. ITAE shows improved clustering accuracy on multiple datasets by exhibiting more expressive features in latent space. Our findings highlight the potential of ITAE as a practical solution for reducing artifacts in pretrained ViT models and improving model performance in clustering tasks without the need for re-training or fine-tuning.","Submitted7 October, 2024;originally announcedOctober 2024.",Accepted toACCV2024
CoVLM: Leveraging Consensus from Vision-Language Models for Semi-supervised Multi-modal Fake News Detection,https://arxiv.org/abs/2410.04426,https://arxiv.org/pdf/2410.04426,"Devank, Jayateja Kalla, Soma Biswas","In this work, we address the real-world, challenging task of out-of-context misinformation detection, where a real image is paired with an incorrect caption for creating fake news. Existing approaches for this task assume the availability of large amounts of labeled data, which is often impractical in real-world, since it requires extensive manual intervention and domain expertise. In contrast, since obtaining a large corpus of unlabeled image-text pairs is much easier, here, we propose a semi-supervised protocol, where the model has access to a limited number of labeled image-text pairs and a large corpus of unlabeled pairs. Additionally, the occurrence of fake news being much lesser compared to the real ones, the datasets tend to be highly imbalanced, thus making the task even more challenging. Towards this goal, we propose a novel framework, Consensus from Vision-Language Models (CoVLM), which generates robust pseudo-labels for unlabeled pairs using thresholds derived from the labeled data. This approach can automatically determine the right threshold parameters of the model for selecting the confident pseudo-labels. Experimental results on benchmark datasets across challenging conditions and comparisons with state-of-the-art approaches demonstrate the effectiveness of our framework.","Submitted6 October, 2024;originally announcedOctober 2024.",Accepted inACCV2024
Domain Aware Multi-Task Pretraining of 3D Swin Transformer for T1-weighted Brain MRI,https://arxiv.org/abs/2410.00410,https://arxiv.org/pdf/2410.00410,"Jonghun Kim, Mansu Kim, Hyunjin Park","The scarcity of annotated medical images is a major bottleneck in developing learning models for medical image analysis. Hence, recent studies have focused on pretrained models with fewer annotation requirements that can be fine-tuned for various downstream tasks. However, existing approaches are mainly 3D adaptions of 2D approaches ill-suited for 3D medical imaging data. Motivated by this gap, we propose novel domain-aware multi-task learning tasks to pretrain a 3D Swin Transformer for brain magnetic resonance imaging (MRI). Our method considers the domain knowledge in brain MRI by incorporating brain anatomy and morphology as well as standard pretext tasks adapted for 3D imaging in a contrastive learning setting. We pretrain our model using large-scale brain MRI data of 13,687 samples spanning several large-scale databases. Our method outperforms existing supervised and self-supervised methods in three downstream tasks of Alzheimer's disease classification, Parkinson's disease classification, and age prediction tasks. The ablation study of the proposed pretext tasks shows the effectiveness of our pretext tasks.","Submitted1 October, 2024;originally announcedOctober 2024.","ACCV2024, 14 pages"
DENEB: A Hallucination-Robust Automatic Evaluation Metric for Image Captioning,https://arxiv.org/abs/2409.19255,https://arxiv.org/pdf/2409.19255,"Kazuki Matsuda, Yuiga Wada, Komei Sugiura","In this work, we address the challenge of developing automatic evaluation metrics for image captioning, with a particular focus on robustness against hallucinations. Existing metrics are often inadequate for handling hallucinations, primarily due to their limited ability to compare candidate captions with multifaceted reference captions. To address this shortcoming, we propose DENEB, a novel supervised automatic evaluation metric specifically robust against hallucinations. DENEB incorporates the Sim-Vec Transformer, a mechanism that processes multiple references simultaneously, thereby efficiently capturing the similarity between an image, a candidate caption, and reference captions. To train DENEB, we construct the diverse and balanced Nebula dataset comprising 32,978 images, paired with human judgments provided by 805 annotators. We demonstrated that DENEB achieves state-of-the-art performance among existing LLM-free metrics on the FOIL, Composite, Flickr8K-Expert, Flickr8K-CF, Nebula, and PASCAL-50S datasets, validating its effectiveness and robustness against hallucinations.","Submitted24 October, 2024;v1submitted 28 September, 2024;originally announcedSeptember 2024.",ACCV2024
CNN Mixture-of-Depths,https://arxiv.org/abs/2409.17016,https://arxiv.org/pdf/2409.17016,"Rinor Cakaj, Jens Mehnert, Bin Yang","We introduce Mixture-of-Depths (MoD) for Convolutional Neural Networks (CNNs), a novel approach that enhances the computational efficiency of CNNs by selectively processing channels based on their relevance to the current prediction. This method optimizes computational resources by dynamically selecting key channels in feature maps for focused processing within the convolutional blocks (Conv-Blocks), while skipping less relevant channels. Unlike conditional computation methods that require dynamic computation graphs, CNN MoD uses a static computation graph with fixed tensor sizes which improve hardware efficiency. It speeds up the training and inference processes without the need for customized CUDA kernels, unique loss functions, or finetuning. CNN MoD either matches the performance of traditional CNNs with reduced inference times, GMACs, and parameters, or exceeds their performance while maintaining similar inference times, GMACs, and parameters. For example, on ImageNet, ResNet86-MoD exceeds the performance of the standard ResNet50 by 0.45% with a 6% speedup on CPU and 5% on GPU. Moreover, ResNet75-MoD achieves the same performance as ResNet50 with a 25% speedup on CPU and 15% on GPU.","Submitted25 September, 2024;originally announcedSeptember 2024.",Conference Paper of the Asian Conference on Computer Vision (ACCV) 2024
VideoPatchCore: An Effective Method to Memorize Normality for Video Anomaly Detection,https://arxiv.org/abs/2409.16225,https://arxiv.org/pdf/2409.16225,"Sunghyun Ahn, Youngwan Jo, Kijung Lee, Sanghyun Park","Video anomaly detection (VAD) is a crucial task in video analysis and surveillance within computer vision. Currently, VAD is gaining attention with memory techniques that store the features of normal frames. The stored features are utilized for frame reconstruction, identifying an abnormality when a significant difference exists between the reconstructed and input frames. However, this approach faces several challenges due to the simultaneous optimization required for both the memory and encoder-decoder model. These challenges include increased optimization difficulty, complexity of implementation, and performance variability depending on the memory size. To address these challenges,we propose an effective memory method for VAD, called VideoPatchCore. Inspired by PatchCore, our approach introduces a structure that prioritizes memory optimization and configures three types of memory tailored to the characteristics of video data. This method effectively addresses the limitations of existing memory-based methods, achieving good performance comparable to state-of-the-art methods. Furthermore, our method requires no training and is straightforward to implement, making VAD tasks more accessible. Our code is available online at github.com/SkiddieAhn/Paper-VideoPatchCore.","Submitted22 November, 2024;v1submitted 24 September, 2024;originally announcedSeptember 2024.",Accepted toACCV2024
Facing Asymmetry -- Uncovering the Causal Link between Facial Symmetry and Expression Classifiers using Synthetic Interventions,https://arxiv.org/abs/2409.15927,https://arxiv.org/pdf/2409.15927,"Tim Büchner, Niklas Penzel, Orlando Guntinas-Lichius, Joachim Denzler","Understanding expressions is vital for deciphering human behavior, and nowadays, end-to-end trained black box models achieve high performance. Due to the black-box nature of these models, it is unclear how they behave when applied out-of-distribution. Specifically, these models show decreased performance for unilateral facial palsy patients. We hypothesize that one crucial factor guiding the internal decision rules is facial symmetry. In this work, we use insights from causal reasoning to investigate the hypothesis. After deriving a structural causal model, we develop a synthetic interventional framework. This approach allows us to analyze how facial symmetry impacts a network's output behavior while keeping other factors fixed. All 17 investigated expression classifiers significantly lower their output activations for reduced symmetry. This result is congruent with observed behavior on real-world data from healthy subjects and facial palsy patients. As such, our investigation serves as a case study for identifying causal factors that influence the behavior of black-box models.","Submitted30 September, 2024;v1submitted 24 September, 2024;originally announcedSeptember 2024.",45 pages; 26 figures; accepted atACCV2024
FedRepOpt: Gradient Re-parametrized Optimizers in Federated Learning,https://arxiv.org/abs/2409.15898,https://arxiv.org/pdf/2409.15898,"Kin Wai Lau, Yasar Abbas Ur Rehman, Pedro Porto Buarque de Gusmão, Lai-Man Po, Lan Ma, Yuyang Xie","Federated Learning (FL) has emerged as a privacy-preserving method for training machine learning models in a distributed manner on edge devices. However, on-device models face inherent computational power and memory limitations, potentially resulting in constrained gradient updates. As the model's size increases, the frequency of gradient updates on edge devices decreases, ultimately leading to suboptimal training outcomes during any particular FL round. This limits the feasibility of deploying advanced and large-scale models on edge devices, hindering the potential for performance enhancements. To address this issue, we propose FedRepOpt, a gradient re-parameterized optimizer for FL. The gradient re-parameterized method allows training a simple local model with a similar performance as a complex model by modifying the optimizer's gradients according to a set of model-specific hyperparameters obtained from the complex models. In this work, we focus on VGG-style and Ghost-style models in the FL environment. Extensive experiments demonstrate that models using FedRepOpt obtain a significant boost in performance of 16.7% and 11.4% compared to the RepGhost-style and RepVGG-style networks, while also demonstrating a faster convergence time of 11.7% and 57.4% compared to their complex structure.","Submitted10 October, 2024;v1submitted 24 September, 2024;originally announcedSeptember 2024.",Accepted byACCV2024
SpikeGS: Learning 3D Gaussian Fields from Continuous Spike Stream,https://arxiv.org/abs/2409.15176,https://arxiv.org/pdf/2409.15176,"Jinze Yu, Xin Peng, Zhengda Lu, Laurent Kneip, Yiqun Wang","A spike camera is a specialized high-speed visual sensor that offers advantages such as high temporal resolution and high dynamic range compared to conventional frame cameras. These features provide the camera with significant advantages in many computer vision tasks. However, the tasks of novel view synthesis based on spike cameras remain underdeveloped. Although there are existing methods for learning neural radiance fields from spike stream, they either lack robustness in extremely noisy, low-quality lighting conditions or suffer from high computational complexity due to the deep fully connected neural networks and ray marching rendering strategies used in neural radiance fields, making it difficult to recover fine texture details. In contrast, the latest advancements in 3DGS have achieved high-quality real-time rendering by optimizing the point cloud representation into Gaussian ellipsoids. Building on this, we introduce SpikeGS, the method to learn 3D Gaussian fields solely from spike stream. We designed a differentiable spike stream rendering framework based on 3DGS, incorporating noise embedding and spiking neurons. By leveraging the multi-view consistency of 3DGS and the tile-based multi-threaded parallel rendering mechanism, we achieved high-quality real-time rendering results. Additionally, we introduced a spike rendering loss function that generalizes under varying illumination conditions. Our method can reconstruct view synthesis results with fine texture details from a continuous spike stream captured by a moving spike camera, while demonstrating high robustness in extremely noisy low-light scenarios. Experimental results on both real and synthetic datasets demonstrate that our method surpasses existing approaches in terms of rendering quality and speed.","Submitted4 February, 2026;v1submitted 23 September, 2024;originally announcedSeptember 2024.",Accepted byACCV2024
EQ-CBM: A Probabilistic Concept Bottleneck with Energy-based Models and Quantized Vectors,https://arxiv.org/abs/2409.14630,https://arxiv.org/pdf/2409.14630,"Sangwon Kim, Dasom Ahn, Byoung Chul Ko, In-su Jang, Kwang-Ju Kim","The demand for reliable AI systems has intensified the need for interpretable deep neural networks. Concept bottleneck models (CBMs) have gained attention as an effective approach by leveraging human-understandable concepts to enhance interpretability. However, existing CBMs face challenges due to deterministic concept encoding and reliance on inconsistent concepts, leading to inaccuracies. We propose EQ-CBM, a novel framework that enhances CBMs through probabilistic concept encoding using energy-based models (EBMs) with quantized concept activation vectors (qCAVs). EQ-CBM effectively captures uncertainties, thereby improving prediction reliability and accuracy. By employing qCAVs, our method selects homogeneous vectors during concept encoding, enabling more decisive task performance and facilitating higher levels of human intervention. Empirical results using benchmark datasets demonstrate that our approach outperforms the state-of-the-art in both concept and task accuracy.","Submitted22 September, 2024;originally announcedSeptember 2024.",Accepted byACCV2024
A Feature Generator for Few-Shot Learning,https://arxiv.org/abs/2409.14141,https://arxiv.org/pdf/2409.14141,"Heethanjan Kanagalingam, Thenukan Pathmanathan, Navaneethan Ketheeswaran, Mokeeshan Vathanakumar, Mohamed Afham, Ranga Rodrigo","Few-shot learning (FSL) aims to enable models to recognize novel objects or classes with limited labelled data. Feature generators, which synthesize new data points to augment limited datasets, have emerged as a promising solution to this challenge. This paper investigates the effectiveness of feature generators in enhancing the embedding process for FSL tasks. To address the issue of inaccurate embeddings due to the scarcity of images per class, we introduce a feature generator that creates visual features from class-level textual descriptions. By training the generator with a combination of classifier loss, discriminator loss, and distance loss between the generated features and true class embeddings, we ensure the generation of accurate same-class features and enhance the overall feature representation. Our results show a significant improvement in accuracy over baseline methods, with our approach outperforming the baseline model by 10% in 1-shot and around 5% in 5-shot approaches. Additionally, both visual-only and visual + textual generators have also been tested in this paper. The code is publicly available at https://github.com/heethanjan/Feature-Generator-for-FSL.","Submitted11 October, 2024;v1submitted 21 September, 2024;originally announcedSeptember 2024.","16 pages, Accepted toACCV2024"
OneBEV: Using One Panoramic Image for Bird's-Eye-View Semantic Mapping,https://arxiv.org/abs/2409.13912,https://arxiv.org/pdf/2409.13912,"Jiale Wei, Junwei Zheng, Ruiping Liu, Jie Hu, Jiaming Zhang, Rainer Stiefelhagen","In the field of autonomous driving, Bird's-Eye-View (BEV) perception has attracted increasing attention in the community since it provides more comprehensive information compared with pinhole front-view images and panoramas. Traditional BEV methods, which rely on multiple narrow-field cameras and complex pose estimations, often face calibration and synchronization issues. To break the wall of the aforementioned challenges, in this work, we introduce OneBEV, a novel BEV semantic mapping approach using merely a single panoramic image as input, simplifying the mapping process and reducing computational complexities. A distortion-aware module termed Mamba View Transformation (MVT) is specifically designed to handle the spatial distortions in panoramas, transforming front-view features into BEV features without leveraging traditional attention mechanisms. Apart from the efficient framework, we contribute two datasets, i.e., nuScenes-360 and DeepAccident-360, tailored for the OneBEV task. Experimental results showcase that OneBEV achieves state-of-the-art performance with 51.1% and 36.1% mIoU on nuScenes-360 and DeepAccident-360, respectively. This work advances BEV semantic mapping in autonomous driving, paving the way for more advanced and reliable autonomous systems.","Submitted20 September, 2024;originally announcedSeptember 2024.",Accepted byACCV2024. Project code at: https://github.com/JialeWei/OneBEV
PlainUSR: Chasing Faster ConvNet for Efficient Super-Resolution,https://arxiv.org/abs/2409.13435,https://arxiv.org/pdf/2409.13435,"Yan Wang, Yusen Li, Gang Wang, Xiaoguang Liu","Reducing latency is a roaring trend in recent super-resolution (SR) research. While recent progress exploits various convolutional blocks, attention modules, and backbones to unlock the full potentials of the convolutional neural network (ConvNet), achieving real-time performance remains a challenge. To this end, we present PlainUSR, a novel framework incorporating three pertinent modifications to expedite ConvNet for efficient SR. For the convolutional block, we squeeze the lighter but slower MobileNetv3 block into a heavier but faster vanilla convolution by reparameterization tricks to balance memory access and calculations. For the attention module, by modulating input with a regional importance map and gate, we introduce local importance-based attention to realize high-order information interaction within a 1-order attention latency. As to the backbone, we propose a plain U-Net that executes channel-wise discriminate splitting and concatenation. In the experimental phase, PlainUSR exhibits impressively low latency, great scalability, and competitive performance compared to both state-of-the-art latency-oriented and quality-oriented methods. In particular, compared to recent NGswin, the PlainUSR-L is 16.4x faster with competitive performance.","Submitted20 September, 2024;originally announcedSeptember 2024.",Accepted byACCV2024. Under camera-ready revision
3D-Aware Instance Segmentation and Tracking in Egocentric Videos,https://arxiv.org/abs/2408.09860,https://arxiv.org/pdf/2408.09860,"Yash Bhalgat, Vadim Tschernezki, Iro Laina, João F. Henriques, Andrea Vedaldi, Andrew Zisserman","Egocentric videos present unique challenges for 3D scene understanding due to rapid camera motion, frequent object occlusions, and limited object visibility. This paper introduces a novel approach to instance segmentation and tracking in first-person video that leverages 3D awareness to overcome these obstacles. Our method integrates scene geometry, 3D object centroid tracking, and instance segmentation to create a robust framework for analyzing dynamic egocentric scenes. By incorporating spatial and temporal cues, we achieve superior performance compared to state-of-the-art 2D approaches. Extensive evaluations on the challenging EPIC Fields dataset demonstrate significant improvements across a range of tracking and segmentation consistency metrics. Specifically, our method outperforms the next best performing approach by $7$ points in Association Accuracy (AssA) and $4.5$ points in IDF1 score, while reducing the number of ID switches by $73\%$ to $80\%$ across various object categories. Leveraging our tracked instance segmentations, we showcase downstream applications in 3D object reconstruction and amodal video object segmentation in these egocentric settings.","Submitted20 November, 2024;v1submitted 19 August, 2024;originally announcedAugust 2024.",Camera-ready forACCV2024. More experiments added
Strike the Balance: On-the-Fly Uncertainty based User Interactions for Long-Term Video Object Segmentation,https://arxiv.org/abs/2408.00169,https://arxiv.org/pdf/2408.00169,"Stéphane Vujasinović, Stefan Becker, Sebastian Bullinger, Norbert Scherer-Negenborn, Michael Arens, Rainer Stiefelhagen","In this paper, we introduce a variant of video object segmentation (VOS) that bridges interactive and semi-automatic approaches, termed Lazy Video Object Segmentation (ziVOS). In contrast, to both tasks, which handle video object segmentation in an off-line manner (i.e., pre-recorded sequences), we propose through ziVOS to target online recorded sequences. Here, we strive to strike a balance between performance and robustness for long-term scenarios by soliciting user feedback's on-the-fly during the segmentation process. Hence, we aim to maximize the tracking duration of an object of interest, while requiring minimal user corrections to maintain tracking over an extended period. We propose a competitive baseline, i.e., Lazy-XMem, as a reference for future works in ziVOS. Our proposed approach uses an uncertainty estimation of the tracking state to determine whether a user interaction is necessary to refine the model's prediction. To quantitatively assess the performance of our method and the user's workload, we introduce complementary metrics alongside those already established in the field. We evaluate our approach using the recently introduced LVOS dataset, which offers numerous long-term videos. Our code is publicly available at https://github.com/Vujas-Eteph/LazyXMem.","Submitted12 November, 2024;v1submitted 31 July, 2024;originally announcedAugust 2024.",Accepted atACCV2024
VIP: Versatile Image Outpainting Empowered by Multimodal Large Language Model,https://arxiv.org/abs/2406.01059,https://arxiv.org/pdf/2406.01059,"Jinze Yang, Haoran Wang, Zining Zhu, Chenglong Liu, Meng Wymond Wu, Mingming Sun","In this paper, we focus on resolving the problem of image outpainting, which aims to extrapolate the surrounding parts given the center contents of an image. Although recent works have achieved promising performance, the lack of versatility and customization hinders their practical applications in broader scenarios. Therefore, this work presents a novel image outpainting framework that is capable of customizing the results according to the requirement of users. First of all, we take advantage of a Multimodal Large Language Model (MLLM) that automatically extracts and organizes the corresponding textual descriptions of the masked and unmasked part of a given image. Accordingly, the obtained text prompts are introduced to endow our model with the capacity to customize the outpainting results. In addition, a special Cross-Attention module, namely Center-Total-Surrounding (CTS), is elaborately designed to enhance further the the interaction between specific space regions of the image and corresponding parts of the text prompts. Note that unlike most existing methods, our approach is very resource-efficient since it is just slightly fine-tuned on the off-the-shelf stable diffusion (SD) model rather than being trained from scratch. Finally, the experimental results on three commonly used datasets, i.e. Scenery, Building, and WikiArt, demonstrate our model significantly surpasses the SoTA methods. Moreover, versatile outpainting results are listed to show its customized ability.","Submitted29 November, 2024;v1submitted 3 June, 2024;originally announcedJune 2024.","Accepted byACCV-2025, Our source code is available at: https://github.com/ucasyjz/VIP, 15 pages"
A Recipe for CAC: Mosaic-based Generalized Loss for Improved Class-Agnostic Counting,https://arxiv.org/abs/2404.09826,https://arxiv.org/pdf/2404.09826,"Tsung-Han Chou, Brian Wang, Wei-Chen Chiu, Jun-Cheng Chen","Class agnostic counting (CAC) is a vision task that can be used to count the total occurrence number of any given reference objects in the query image. The task is usually formulated as a density map estimation problem through similarity computation among a few image samples of the reference object and the query image. In this paper, we point out a severe issue of the existing CAC framework: Given a multi-class setting, models don't consider reference images and instead blindly match all dominant objects in the query image. Moreover, the current evaluation metrics and dataset cannot be used to faithfully assess the model's generalization performance and robustness. To this end, we discover that the combination of mosaic augmentation with generalized loss is essential for addressing the aforementioned issue of CAC models to count objects of majority (i.e. dominant objects) regardless of the references. Furthermore, we introduce a new evaluation protocol and metrics for resolving the problem behind the existing CAC evaluation scheme and better benchmarking CAC models in a more fair manner. Besides, extensive evaluation results demonstrate that our proposed recipe can consistently improve the performance of different CAC models. The code is available at https://github.com/littlepenguin89106/MGCAC.","Submitted18 November, 2024;v1submitted 15 April, 2024;originally announcedApril 2024.",Accepted byACCV2024
Every Shot Counts: Using Exemplars for Repetition Counting in Videos,https://arxiv.org/abs/2403.18074,https://arxiv.org/pdf/2403.18074,"Saptarshi Sinha, Alexandros Stergiou, Dima Damen","Video repetition counting infers the number of repetitions of recurring actions or motion within a video. We propose an exemplar-based approach that discovers visual correspondence of video exemplars across repetitions within target videos. Our proposed Every Shot Counts (ESCounts) model is an attention-based encoder-decoder that encodes videos of varying lengths alongside exemplars from the same and different videos. In training, ESCounts regresses locations of high correspondence to the exemplars within the video. In tandem, our method learns a latent that encodes representations of general repetitive motions, which we use for exemplar-free, zero-shot inference. Extensive experiments over commonly used datasets (RepCount, Countix, and UCFRep) showcase ESCounts obtaining state-of-the-art performance across all three datasets. Detailed ablations further demonstrate the effectiveness of our method.","Submitted13 October, 2024;v1submitted 26 March, 2024;originally announcedMarch 2024.","Accepted at Asian Conference on Computer Vision (ACCV) 2024, project page: https://sinhasaptarshi.github.io/escounts , and code: https://github.com/sinhasaptarshi/EveryShotCounts"
Meet JEANIE: a Similarity Measure for 3D Skeleton Sequences via Temporal-Viewpoint Alignment,https://arxiv.org/abs/2402.04599,https://arxiv.org/pdf/2402.04599,"Lei Wang, Jun Liu, Liang Zheng, Tom Gedeon, Piotr Koniusz","Video sequences exhibit significant nuisance variations (undesired effects) of speed of actions, temporal locations, and subjects' poses, leading to temporal-viewpoint misalignment when comparing two sets of frames or evaluating the similarity of two sequences. Thus, we propose Joint tEmporal and cAmera viewpoiNt alIgnmEnt (JEANIE) for sequence pairs. In particular, we focus on 3D skeleton sequences whose camera and subjects' poses can be easily manipulated in 3D. We evaluate JEANIE on skeletal Few-shot Action Recognition (FSAR), where matching well temporal blocks (temporal chunks that make up a sequence) of support-query sequence pairs (by factoring out nuisance variations) is essential due to limited samples of novel classes. Given a query sequence, we create its several views by simulating several camera locations. For a support sequence, we match it with view-simulated query sequences, as in the popular Dynamic Time Warping (DTW). Specifically, each support temporal block can be matched to the query temporal block with the same or adjacent (next) temporal index, and adjacent camera views to achieve joint local temporal-viewpoint warping. JEANIE selects the smallest distance among matching paths with different temporal-viewpoint warping patterns, an advantage over DTW which only performs temporal alignment. We also propose an unsupervised FSAR akin to clustering of sequences with JEANIE as a distance measure. JEANIE achieves state-of-the-art results on NTU-60, NTU-120, Kinetics-skeleton and UWA3D Multiview Activity II on supervised and unsupervised FSAR, and their meta-learning inspired fusion.","Submitted25 March, 2024;v1submitted 7 February, 2024;originally announcedFebruary 2024.",Accepted by the International Journal of Computer Vision (IJCV). An extension of ourACCV'22 paper [arXiv:arXiv:2210.16820] which was distinguished by the Sang Uk Lee Best Student Paper Award
Diffusion Model Compression for Image-to-Image Translation,https://arxiv.org/abs/2401.17547,https://arxiv.org/pdf/2401.17547,"Geonung Kim, Beomsu Kim, Eunhyeok Park, Sunghyun Cho","As recent advances in large-scale Text-to-Image (T2I) diffusion models have yielded remarkable high-quality image generation, diverse downstream Image-to-Image (I2I) applications have emerged. Despite the impressive results achieved by these I2I models, their practical utility is hampered by their large model size and the computational burden of the iterative denoising process. In this paper, we propose a novel compression method tailored for diffusion-based I2I models. Based on the observations that the image conditions of I2I models already provide rich information on image structures, and that the time steps with a larger impact tend to be biased, we develop surprisingly simple yet effective approaches for reducing the model size and latency. We validate the effectiveness of our method on three representative I2I tasks: InstructPix2Pix for image editing, StableSR for image restoration, and ControlNet for image-conditional image generation. Our approach achieves satisfactory output quality with 39.2%, 56.4% and 39.2% reduction in model footprint, as well as 81.4%, 68.7% and 31.1% decrease in latency to InstructPix2Pix, StableSR and ControlNet, respectively.","Submitted9 October, 2024;v1submitted 30 January, 2024;originally announcedJanuary 2024.",ACCV2024
CNG-SFDA:Clean-and-Noisy Region Guided Online-Offline Source-Free Domain Adaptation,https://arxiv.org/abs/2401.14587,https://arxiv.org/pdf/2401.14587,"Hyeonwoo Cho, Chanmin Park, Dong-Hee Kim, Jinyoung Kim, Won Hwa Kim","Domain shift occurs when training (source) and test (target) data diverge in their distribution. Source-Free Domain Adaptation (SFDA) addresses this domain shift problem, aiming to adopt a trained model on the source domain to the target domain in a scenario where only a well-trained source model and unlabeled target data are available. In this scenario, handling false labels in the target domain is crucial because they negatively impact the model performance. To deal with this problem, we propose to update cluster prototypes (i.e., centroid of each sample cluster) and their structure in the target domain formulated by the source model in online manners. In the feature space, samples in different regions have different pseudo-label distribution characteristics affected by the cluster prototypes, and we adopt distinct training strategies for these samples by defining clean and noisy regions: we selectively train the target with clean pseudo-labels in the clean region, whereas we introduce mix-up inputs representing intermediate features between clean and noisy regions to increase the compactness of the cluster. We conducted extensive experiments on multiple datasets in online/offline SFDA settings, whose results demonstrate that our method, CNG-SFDA, achieves state-of-the-art for most cases. Code is available at https://github.com/hyeonwoocho7/CNG-SFDA.","Submitted14 October, 2024;v1submitted 25 January, 2024;originally announcedJanuary 2024.","14 pages, 5 figures,ACCV2024 Camera-Ready Version"
Strong but simple: A Baseline for Domain Generalized Dense Perception by CLIP-based Transfer Learning,https://arxiv.org/abs/2312.02021,https://arxiv.org/pdf/2312.02021,"Christoph Hümmer, Manuel Schwonberg, Liangwei Zhou, Hu Cao, Alois Knoll, Hanno Gottschalk","Domain generalization (DG) remains a significant challenge for perception based on deep neural networks (DNNs), where domain shifts occur due to synthetic data, lighting, weather, or location changes. Vision-language models (VLMs) marked a large step for the generalization capabilities and have been already applied to various tasks. Very recently, first approaches utilized VLMs for domain generalized segmentation and object detection and obtained strong generalization. However, all these approaches rely on complex modules, feature augmentation frameworks or additional models. Surprisingly and in contrast to that, we found that simple fine-tuning of vision-language pre-trained models yields competitive or even stronger generalization results while being extremely simple to apply. Moreover, we found that vision-language pre-training consistently provides better generalization than the previous standard of vision-only pre-training. This challenges the standard of using ImageNet-based transfer learning for domain generalization. Fully fine-tuning a vision-language pre-trained model is capable of reaching the domain generalization SOTA when training on the synthetic GTA5 dataset. Moreover, we confirm this observation for object detection on a novel synthetic-to-real benchmark. We further obtain superior generalization capabilities by reaching 77.9% mIoU on the popular Cityscapes-to-ACDC benchmark. We also found improved in-domain generalization, leading to an improved SOTA of 86.4% mIoU on the Cityscapes test set marking the first place on the leaderboard.","Submitted10 December, 2024;v1submitted 4 December, 2023;originally announcedDecember 2023.",Accepted toACCV2024; Project Page: https://vltseg.github.io/
Match me if you can: Semi-Supervised Semantic Correspondence Learning with Unpaired Images,https://arxiv.org/abs/2311.18540,https://arxiv.org/pdf/2311.18540,"Jiwon Kim, Byeongho Heo, Sangdoo Yun, Seungryong Kim, Dongyoon Han","Semantic correspondence methods have advanced to obtaining high-quality correspondences employing complicated networks, aiming to maximize the model capacity. However, despite the performance improvements, they may remain constrained by the scarcity of training keypoint pairs, a consequence of the limited training images and the sparsity of keypoints. This paper builds on the hypothesis that there is an inherent data-hungry matter in learning semantic correspondences and uncovers the models can be more trained by employing densified training pairs. We demonstrate a simple machine annotator reliably enriches paired key points via machine supervision, requiring neither extra labeled key points nor trainable modules from unlabeled images. Consequently, our models surpass current state-of-the-art models on semantic correspondence learning benchmarks like SPair-71k, PF-PASCAL, and PF-WILLOW and enjoy further robustness on corruption benchmarks. Our code is available at https://github.com/naver-ai/matchme.","Submitted11 October, 2024;v1submitted 30 November, 2023;originally announcedNovember 2023.","ACCV2024, Code at https://github.com/naver-ai/matchme"
On Unsupervised Partial Shape Correspondence,https://arxiv.org/abs/2310.14692,https://arxiv.org/pdf/2310.14692,"Amit Bracha, Thomas Dagès, Ron Kimmel","While dealing with matching shapes to their parts, we often apply a tool known as functional maps. The idea is to translate the shape matching problem into ""convenient"" spaces by which matching is performed algebraically by solving a least squares problem. Here, we argue that such formulations, though popular in this field, introduce errors in the estimated match when partiality is invoked. Such errors are unavoidable even for advanced feature extraction networks, and they can be shown to escalate with increasing degrees of shape partiality, adversely affecting the learning capability of such systems. To circumvent these limitations, we propose a novel approach for partial shape matching. Our study of functional maps led us to a novel method that establishes direct correspondence between partial and full shapes through feature matching bypassing the need for functional map intermediate spaces. The Gromov Distance between metric spaces leads to the construction of the first part of our loss functions. For regularization we use two options: a term based on the area preserving property of the mapping, and a relaxed version that avoids the need to resort to functional maps. The proposed approach shows superior performance on the SHREC'16 dataset, outperforming existing unsupervised methods for partial shape matching.Notably, it achieves state-of-the-art results on the SHREC'16 HOLES benchmark, superior also compared to supervised methods. We demonstrate the benefits of the proposed unsupervised method when applied to a new dataset PFAUST for part-to-full shape correspondence.","Submitted30 October, 2024;v1submitted 23 October, 2023;originally announcedOctober 2023.","Updated version, accepted for publication at the Asian Conference on Computer Vision (ACCV) 2024"
Telling Stories for Common Sense Zero-Shot Action Recognition,https://arxiv.org/abs/2309.17327,https://arxiv.org/pdf/2309.17327,"Shreyank N Gowda, Laura Sevilla-Lara","Video understanding has long suffered from reliance on large labeled datasets, motivating research into zero-shot learning. Recent progress in language modeling presents opportunities to advance zero-shot video analysis, but constructing an effective semantic space relating action classes remains challenging. We address this by introducing a novel dataset, Stories, which contains rich textual descriptions for diverse action classes extracted from WikiHow articles. For each class, we extract multi-sentence narratives detailing the necessary steps, scenes, objects, and verbs that characterize the action. This contextual data enables modeling of nuanced relationships between actions, paving the way for zero-shot transfer. We also propose an approach that harnesses Stories to improve feature generation for training zero-shot classification. Without any target dataset fine-tuning, our method achieves new state-of-the-art on multiple benchmarks, improving top-1 accuracy by up to 6.1%. We believe Stories provides a valuable resource that can catalyze progress in zero-shot action recognition. The textual narratives forge connections between seen and unseen classes, overcoming the bottleneck of labeled data that has long impeded advancements in this exciting domain. The data can be found here: https://github.com/kini5gowda/Stories .","Submitted23 October, 2024;v1submitted 29 September, 2023;originally announcedSeptember 2023.",Accepted inACCV2024!
High-Quality Visually-Guided Sound Separation from Diverse Categories,https://arxiv.org/abs/2308.00122,https://arxiv.org/pdf/2308.00122,"Chao Huang, Susan Liang, Yapeng Tian, Anurag Kumar, Chenliang Xu","We propose DAVIS, a Diffusion-based Audio-VIsual Separation framework that solves the audio-visual sound source separation task through generative learning. Existing methods typically frame sound separation as a mask-based regression problem, achieving significant progress. However, they face limitations in capturing the complex data distribution required for high-quality separation of sounds from diverse categories. In contrast, DAVIS leverages a generative diffusion model and a Separation U-Net to synthesize separated sounds directly from Gaussian noise, conditioned on both the audio mixture and the visual information. With its generative objective, DAVIS is better suited to achieving the goal of high-quality sound separation across diverse sound categories. We compare DAVIS to existing state-of-the-art discriminative audio-visual separation methods on the AVE and MUSIC datasets, and results show that DAVIS outperforms other methods in separation quality, demonstrating the advantages of our framework for tackling the audio-visual source separation task.","Submitted10 October, 2024;v1submitted 31 July, 2023;originally announcedAugust 2023.",ACCV2024 Oral
Act Like a Radiologist: Radiology Report Generation across Anatomical Regions,https://arxiv.org/abs/2305.16685,https://arxiv.org/pdf/2305.16685,"Qi Chen, Yutong Xie, Biao Wu, Xiaomin Chen, James Ang, Minh-Son To, Xiaojun Chang, Qi Wu","Automating radiology report generation can ease the reporting workload for radiologists. However, existing works focus mainly on the chest area due to the limited availability of public datasets for other regions. Besides, they often rely on naive data-driven approaches, e.g., a basic encoder-decoder framework with captioning loss, which limits their ability to recognise complex patterns across diverse anatomical regions. To address these issues, we propose X-RGen, a radiologist-minded report generation framework across six anatomical regions. In X-RGen, we seek to mimic the behaviour of human radiologists, breaking them down into four principal phases: 1) initial observation, 2) cross-region analysis, 3) medical interpretation, and 4) report formation. Firstly, we adopt an image encoder for feature extraction, akin to a radiologist's preliminary review. Secondly, we enhance the recognition capacity of the image encoder by analysing images and reports across various regions, mimicking how radiologists gain their experience and improve their professional ability from past cases. Thirdly, just as radiologists apply their expertise to interpret radiology images, we introduce radiological knowledge of multiple anatomical regions to further analyse the features from a clinical perspective. Lastly, we generate reports based on the medical-aware features using a typical auto-regressive text decoder. Both natural language generation (NLG) and clinical efficacy metrics show the effectiveness of X-RGen on six X-ray datasets. Our code and checkpoints are available at: https://github.com/YtongXie/X-RGen.","Submitted10 October, 2024;v1submitted 26 May, 2023;originally announcedMay 2023.",Accepted byACCV2024 (Oral)
ARBEx: Attentive Feature Extraction with Reliability Balancing for Robust Facial Expression Learning,https://arxiv.org/abs/2305.01486,https://arxiv.org/pdf/2305.01486,"Azmine Toushik Wasi, Karlo Šerbetar, Raima Islam, Taki Hasan Rafi, Dong-Kyu Chae","In this paper, we introduce a framework ARBEx, a novel attentive feature extraction framework driven by Vision Transformer with reliability balancing to cope against poor class distributions, bias, and uncertainty in the facial expression learning (FEL) task. We reinforce several data pre-processing and refinement methods along with a window-based cross-attention ViT to squeeze the best of the data. We also employ learnable anchor points in the embedding space with label distributions and multi-head self-attention mechanism to optimize performance against weak predictions with reliability balancing, which is a strategy that leverages anchor points, attention scores, and confidence values to enhance the resilience of label predictions. To ensure correct label classification and improve the models' discriminative power, we introduce anchor loss, which encourages large margins between anchor points. Additionally, the multi-head self-attention mechanism, which is also trainable, plays an integral role in identifying accurate labels. This approach provides critical elements for improving the reliability of predictions and has a substantial positive effect on final prediction capabilities. Our adaptive model can be integrated with any deep neural network to forestall challenges in various recognition tasks. Our strategy outperforms current state-of-the-art methodologies, according to extensive experiments conducted in a variety of contexts.","Submitted24 October, 2024;v1submitted 2 May, 2023;originally announcedMay 2023.",Extended version is accepted inACCV2024 as GReFEL
AirBirds: A Large-scale Challenging Dataset for Bird Strike Prevention in Real-world Airports,https://arxiv.org/abs/2304.11662,https://arxiv.org/pdf/2304.11662,"Hongyu Sun, Yongcai Wang, Xudong Cai, Peng Wang, Zhe Huang, Deying Li, Yu Shao, Shuo Wang","One fundamental limitation to the research of bird strike prevention is the lack of a large-scale dataset taken directly from real-world airports. Existing relevant datasets are either small in size or not dedicated for this purpose. To advance the research and practical solutions for bird strike prevention, in this paper, we present a large-scale challenging dataset AirBirds that consists of 118,312 time-series images, where a total of 409,967 bounding boxes of flying birds are manually, carefully annotated. The average size of all annotated instances is smaller than 10 pixels in 1920x1080 images. Images in the dataset are captured over 4 seasons of a whole year by a network of cameras deployed at a real-world airport, covering diverse bird species, lighting conditions and 13 meteorological scenarios. To the best of our knowledge, it is the first large-scale image dataset that directly collects flying birds in real-world airports for bird strike prevention. This dataset is publicly available at https://airbirdsdata.github.io/.","Submitted23 April, 2023;originally announcedApril 2023.","17 pages, 9 figures, 3 tables; accepted byACCV2022"
MaxGNR: A Dynamic Weight Strategy via Maximizing Gradient-to-Noise Ratio for Multi-Task Learning,https://arxiv.org/abs/2302.09352,https://arxiv.org/pdf/2302.09352,"Caoyun Fan, Wenqing Chen, Jidong Tian, Yitian Li, Hao He, Yaohui Jin","When modeling related tasks in computer vision, Multi-Task Learning (MTL) can outperform Single-Task Learning (STL) due to its ability to capture intrinsic relatedness among tasks. However, MTL may encounter the insufficient training problem, i.e., some tasks in MTL may encounter non-optimal situation compared with STL. A series of studies point out that too much gradient noise would lead to performance degradation in STL, however, in the MTL scenario, Inter-Task Gradient Noise (ITGN) is an additional source of gradient noise for each task, which can also affect the optimization process. In this paper, we point out ITGN as a key factor leading to the insufficient training problem. We define the Gradient-to-Noise Ratio (GNR) to measure the relative magnitude of gradient noise and design the MaxGNR algorithm to alleviate the ITGN interference of each task by maximizing the GNR of each task. We carefully evaluate our MaxGNR algorithm on two standard image MTL datasets: NYUv2 and Cityscapes. The results show that our algorithm outperforms the baselines under identical experimental conditions.","Submitted18 February, 2023;originally announcedFebruary 2023.",ACCV2022
NoiseTransfer: Image Noise Generation with Contrastive Embeddings,https://arxiv.org/abs/2301.13554,https://arxiv.org/pdf/2301.13554,"Seunghwan Lee, Tae Hyun Kim","Deep image denoising networks have achieved impressive success with the help of a considerably large number of synthetic train datasets. However, real-world denoising is a still challenging problem due to the dissimilarity between distributions of real and synthetic noisy datasets. Although several real-world noisy datasets have been presented, the number of train datasets (i.e., pairs of clean and real noisy images) is limited, and acquiring more real noise datasets is laborious and expensive. To mitigate this problem, numerous attempts to simulate real noise models using generative models have been studied. Nevertheless, previous works had to train multiple networks to handle multiple different noise distributions. By contrast, we propose a new generative model that can synthesize noisy images with multiple different noise distributions. Specifically, we adopt recent contrastive learning to learn distinguishable latent features of the noise. Moreover, our model can generate new noisy images by transferring the noise characteristics solely from a single reference noisy image. We demonstrate the accuracy and the effectiveness of our noise model for both known and unknown noise removal.","Submitted31 January, 2023;originally announcedJanuary 2023.",ACCV2022 oral
Layout-guided Indoor Panorama Inpainting with Plane-aware Normalization,https://arxiv.org/abs/2301.05624,https://arxiv.org/pdf/2301.05624,"Chao-Chen Gao, Cheng-Hsiu Chen, Jheng-Wei Su, Hung-Kuo Chu","We present an end-to-end deep learning framework for indoor panoramic image inpainting. Although previous inpainting methods have shown impressive performance on natural perspective images, most fail to handle panoramic images, particularly indoor scenes, which usually contain complex structure and texture content. To achieve better inpainting quality, we propose to exploit both the global and local context of indoor panorama during the inpainting process. Specifically, we take the low-level layout edges estimated from the input panorama as a prior to guide the inpainting model for recovering the global indoor structure. A plane-aware normalization module is employed to embed plane-wise style features derived from the layout into the generator, encouraging local texture restoration from adjacent room structures (i.e., ceiling, floor, and walls). Experimental results show that our work outperforms the current state-of-the-art methods on a public panoramic dataset in both qualitative and quantitative evaluations. Our code is available at https://ericsujw.github.io/LGPN-net/","Submitted13 January, 2023;originally announcedJanuary 2023.",Accepted byACCV2022
Object Detection in Foggy Scenes by Embedding Depth and Reconstruction into Domain Adaptation,https://arxiv.org/abs/2211.13409,https://arxiv.org/pdf/2211.13409,"Xin Yang, Michael Bi Mi, Yuan Yuan, Xin Wang, Robby T. Tan","Most existing domain adaptation (DA) methods align the features based on the domain feature distributions and ignore aspects related to fog, background and target objects, rendering suboptimal performance. In our DA framework, we retain the depth and background information during the domain feature alignment. A consistency loss between the generated depth and fog transmission map is introduced to strengthen the retention of the depth information in the aligned features. To address false object features potentially generated during the DA process, we propose an encoder-decoder framework to reconstruct the fog-free background image. This reconstruction loss also reinforces the encoder, i.e., our DA backbone, to minimize false object features.Moreover, we involve our target data in training both our DA module and our detection module in a semi-supervised manner, so that our detection module is also exposed to the unlabeled target data, the type of data used in the testing stage. Using these ideas, our method significantly outperforms the state-of-the-art method (47.6 mAP against the 44.3 mAP on the Foggy Cityscapes dataset), and obtains the best performance on multiple real-image public datasets. Code is available at: https://github.com/VIML-CVDL/Object-Detection-in-Foggy-Scenes","Submitted23 November, 2022;originally announcedNovember 2022.",Accepted byACCV
RDRN: Recursively Defined Residual Network for Image Super-Resolution,https://arxiv.org/abs/2211.09462,https://arxiv.org/pdf/2211.09462,"Alexander Panaetov, Karim Elhadji Daou, Igor Samenko, Evgeny Tetin, Ilya Ivanov","Deep convolutional neural networks (CNNs) have obtained remarkable performance in single image super-resolution (SISR). However, very deep networks can suffer from training difficulty and hardly achieve further performance gain. There are two main trends to solve that problem: improving the network architecture for better propagation of features through large number of layers and designing an attention mechanism for selecting most informative features. Recent SISR solutions propose advanced attention and self-attention mechanisms. However, constructing a network to use an attention block in the most efficient way is a challenging problem. To address this issue, we propose a general recursively defined residual block (RDRB) for better feature extraction and propagation through network layers. Based on RDRB we designed recursively defined residual network (RDRN), a novel network architecture which utilizes attention blocks efficiently. Extensive experiments show that the proposed model achieves state-of-the-art results on several popular super-resolution benchmarks and outperforms previous methods by up to 0.43 dB.","Submitted17 November, 2022;originally announcedNovember 2022.",Accepted toACCV2022
Few-shot Metric Learning: Online Adaptation of Embedding for Retrieval,https://arxiv.org/abs/2211.07116,https://arxiv.org/pdf/2211.07116,"Deunsol Jung, Dahyun Kang, Suha Kwak, Minsu Cho","Metric learning aims to build a distance metric typically by learning an effective embedding function that maps similar objects into nearby points in its embedding space. Despite recent advances in deep metric learning, it remains challenging for the learned metric to generalize to unseen classes with a substantial domain gap. To tackle the issue, we explore a new problem of few-shot metric learning that aims to adapt the embedding function to the target domain with only a few annotated data. We introduce three few-shot metric learning baselines and propose the Channel-Rectifier Meta-Learning (CRML), which effectively adapts the metric space online by adjusting channels of intermediate layers. Experimental analyses on miniImageNet, CUB-200-2011, MPII, as well as a new dataset, miniDeepFashion, demonstrate that our method consistently improves the learned metric by adapting it to target classes and achieves a greater gain in image retrieval when the domain gap from the source classes is larger.","Submitted14 November, 2022;originally announcedNovember 2022.",Accepted atACCV2022
BOREx: Bayesian-Optimization--Based Refinement of Saliency Map for Image- and Video-Classification Models,https://arxiv.org/abs/2210.17130,https://arxiv.org/pdf/2210.17130,"Atsushi Kikuchi, Kotaro Uchida, Masaki Waga, Kohei Suenaga","Explaining a classification result produced by an image- and video-classification model is one of the important but challenging issues in computer vision. Many methods have been proposed for producing heat-map--based explanations for this purpose, including ones based on the white-box approach that uses the internal information of a model (e.g., LRP, Grad-CAM, and Grad-CAM++) and ones based on the black-box approach that does not use any internal information (e.g., LIME, SHAP, and RISE). We propose a new black-box method BOREx (Bayesian Optimization for Refinement of visual model Explanation) to refine a heat map produced by any method. Our observation is that a heat-map--based explanation can be seen as a prior for an explanation method based on Bayesian optimization. Based on this observation, BOREx conducts Gaussian process regression (GPR) to estimate the saliency of each pixel in a given image starting from the one produced by another explanation method. Our experiments statistically demonstrate that the refinement by BOREx improves low-quality heat maps for image- and video-classification results.","Submitted31 October, 2022;originally announcedOctober 2022.",32 pages. To appear inACCV2022
Self-Supervised Learning with Multi-View Rendering for 3D Point Cloud Analysis,https://arxiv.org/abs/2210.15904,https://arxiv.org/pdf/2210.15904,"Bach Tran, Binh-Son Hua, Anh Tuan Tran, Minh Hoai","Recently, great progress has been made in 3D deep learning with the emergence of deep neural networks specifically designed for 3D point clouds. These networks are often trained from scratch or from pre-trained models learned purely from point cloud data. Inspired by the success of deep learning in the image domain, we devise a novel pre-training technique for better model initialization by utilizing the multi-view rendering of the 3D data. Our pre-training is self-supervised by a local pixel/point level correspondence loss computed from perspective projection and a global image/point cloud level loss based on knowledge distillation, thus effectively improving upon popular point cloud networks, including PointNet, DGCNN and SR-UNet. These improved models outperform existing state-of-the-art methods on various datasets and downstream tasks. We also analyze the benefits of synthetic and real data for pre-training, and observe that pre-training on synthetic data is also useful for high-level downstream tasks. Code and pre-trained models are available at https://github.com/VinAIResearch/selfsup_pcd.","Submitted28 October, 2022;originally announcedOctober 2022.","ACCV2022 paper. 14 pages of content, 4 pages of references, 6 pages of supplementary material"
Spatio-channel Attention Blocks for Cross-modal Crowd Counting,https://arxiv.org/abs/2210.10392,https://arxiv.org/pdf/2210.10392,"Youjia Zhang, Soyun Choi, Sungeun Hong","Crowd counting research has made significant advancements in real-world applications, but it remains a formidable challenge in cross-modal settings. Most existing methods rely solely on the optical features of RGB images, ignoring the feasibility of other modalities such as thermal and depth images. The inherently significant differences between the different modalities and the diversity of design choices for model architectures make cross-modal crowd counting more challenging. In this paper, we propose Cross-modal Spatio-Channel Attention (CSCA) blocks, which can be easily integrated into any modality-specific architecture. The CSCA blocks first spatially capture global functional correlations among multi-modality with less overhead through spatial-wise cross-modal attention. Cross-modal features with spatial attention are subsequently refined through adaptive channel-wise feature aggregation. In our experiments, the proposed block consistently shows significant performance improvement across various backbone networks, resulting in state-of-the-art results in RGB-T and RGB-D crowd counting.","Submitted14 November, 2022;v1submitted 19 October, 2022;originally announcedOctober 2022.",Accepted toACCV2022 (Oral). Code is available at https://github.com/vcllab/csca
COLLIDER: A Robust Training Framework for Backdoor Data,https://arxiv.org/abs/2210.06704,https://arxiv.org/pdf/2210.06704,"Hadi M. Dolatabadi, Sarah Erfani, Christopher Leckie","Deep neural network (DNN) classifiers are vulnerable to backdoor attacks. An adversary poisons some of the training data in such attacks by installing a trigger. The goal is to make the trained DNN output the attacker's desired class whenever the trigger is activated while performing as usual for clean data. Various approaches have recently been proposed to detect malicious backdoored DNNs. However, a robust, end-to-end training approach, like adversarial training, is yet to be discovered for backdoor poisoned data. In this paper, we take the first step toward such methods by developing a robust training framework, COLLIDER, that selects the most prominent samples by exploiting the underlying geometric structures of the data. Specifically, we effectively filter out candidate poisoned data at each training epoch by solving a geometrical coreset selection objective. We first argue how clean data samples exhibit (1) gradients similar to the clean majority of data and (2) low local intrinsic dimensionality (LID). Based on these criteria, we define a novel coreset selection objective to find such samples, which are used for training a DNN. We show the effectiveness of the proposed method for robust training of DNNs on various poisoned datasets, reducing the backdoor success rate significantly.","Submitted12 October, 2022;originally announcedOctober 2022.",Accepted to the 16th Asian Conference on Computer Vision (ACCV2022)
Deep Active Ensemble Sampling For Image Classification,https://arxiv.org/abs/2210.05770,https://arxiv.org/pdf/2210.05770,"Salman Mohamadi, Gianfranco Doretto, Donald A. Adjeroh","Conventional active learning (AL) frameworks aim to reduce the cost of data annotation by actively requesting the labeling for the most informative data points. However, introducing AL to data hungry deep learning algorithms has been a challenge. Some proposed approaches include uncertainty-based techniques, geometric methods, implicit combination of uncertainty-based and geometric approaches, and more recently, frameworks based on semi/self supervised techniques. In this paper, we address two specific problems in this area. The first is the need for efficient exploitation/exploration trade-off in sample selection in AL. For this, we present an innovative integration of recent progress in both uncertainty-based and geometric frameworks to enable an efficient exploration/exploitation trade-off in sample selection strategy. To this end, we build on a computationally efficient approximate of Thompson sampling with key changes as a posterior estimator for uncertainty representation. Our framework provides two advantages: (1) accurate posterior estimation, and (2) tune-able trade-off between computational overhead and higher accuracy. The second problem is the need for improved training protocols in deep AL. For this, we use ideas from semi/self supervised learning to propose a general approach that is independent of the specific AL technique being used. Taken these together, our framework shows a significant improvement over the state-of-the-art, with results that are comparable to the performance of supervised-learning under the same setting. We show empirical results of our framework, and comparative performance with the state-of-the-art on four datasets, namely, MNIST, CIFAR10, CIFAR100 and ImageNet to establish a new baseline in two different settings.","Submitted11 October, 2022;originally announcedOctober 2022.",ACCV2022
Learning Inter-Superpoint Affinity for Weakly Supervised 3D Instance Segmentation,https://arxiv.org/abs/2210.05534,https://arxiv.org/pdf/2210.05534,"Linghua Tang, Le Hui, Jin Xie","Due to the few annotated labels of 3D point clouds, how to learn discriminative features of point clouds to segment object instances is a challenging problem. In this paper, we propose a simple yet effective 3D instance segmentation framework that can achieve good performance by annotating only one point for each instance. Specifically, to tackle extremely few labels for instance segmentation, we first oversegment the point cloud into superpoints in an unsupervised manner and extend the point-level annotations to the superpoint level. Then, based on the superpoint graph, we propose an inter-superpoint affinity mining module that considers the semantic and spatial relations to adaptively learn inter-superpoint affinity to generate high-quality pseudo labels via semantic-aware random walk. Finally, we propose a volume-aware instance refinement module to segment high-quality instances by applying volume constraints of objects in clustering on the superpoint graph. Extensive experiments on the ScanNet-v2 and S3DIS datasets demonstrate that our method achieves state-of-the-art performance in the weakly supervised point cloud instance segmentation task, and even outperforms some fully supervised methods.","Submitted11 October, 2022;originally announcedOctober 2022.",accepted byACCV2022
Robust Human Matting via Semantic Guidance,https://arxiv.org/abs/2210.05210,https://arxiv.org/pdf/2210.05210,"Xiangguang Chen, Ye Zhu, Yu Li, Bingtao Fu, Lei Sun, Ying Shan, Shan Liu","Automatic human matting is highly desired for many real applications. We investigate recent human matting methods and show that common bad cases happen when semantic human segmentation fails. This indicates that semantic understanding is crucial for robust human matting. From this, we develop a fast yet accurate human matting framework, named Semantic Guided Human Matting (SGHM). It builds on a semantic human segmentation network and introduces a light-weight matting module with only marginal computational cost. Unlike previous works, our framework is data efficient, which requires a small amount of matting ground-truth to learn to estimate high quality object mattes. Our experiments show that trained with merely 200 matting images, our method can generalize well to real-world datasets, and outperform recent methods on multiple benchmarks, while remaining efficient. Considering the unbearable labeling cost of matting data and widely available segmentation data, our method becomes a practical and effective solution for the task of human matting. Source code is available at https://github.com/cxgincsu/SemanticGuidedHumanMatting.","Submitted11 October, 2022;originally announcedOctober 2022.",ACCV2022
The Eyecandies Dataset for Unsupervised Multimodal Anomaly Detection and Localization,https://arxiv.org/abs/2210.04570,https://arxiv.org/pdf/2210.04570,"Luca Bonfiglioli, Marco Toschi, Davide Silvestri, Nicola Fioraio, Daniele De Gregorio","We present Eyecandies, a novel synthetic dataset for unsupervised anomaly detection and localization. Photo-realistic images of procedurally generated candies are rendered in a controlled environment under multiple lightning conditions, also providing depth and normal maps in an industrial conveyor scenario. We make available anomaly-free samples for model training and validation, while anomalous instances with precise ground-truth annotations are provided only in the test set. The dataset comprises ten classes of candies, each showing different challenges, such as complex textures, self-occlusions and specularities. Furthermore, we achieve large intra-class variation by randomly drawing key parameters of a procedural rendering pipeline, which enables the creation of an arbitrary number of instances with photo-realistic appearance. Likewise, anomalies are injected into the rendering graph and pixel-wise annotations are automatically generated, overcoming human-biases and possible inconsistencies.
  We believe this dataset may encourage the exploration of original approaches to solve the anomaly detection task, e.g. by combining color, depth and normal maps, as they are not provided by most of the existing datasets. Indeed, in order to demonstrate how exploiting additional information may actually lead to higher detection performance, we show the results obtained by training a deep convolutional autoencoder to reconstruct different combinations of inputs.","Submitted10 October, 2022;originally announcedOctober 2022.","14 pages, 6 figures. To be published inACCV2022. For the website and download links see https://eyecan-ai.github.io/eyecandies"
HiCo: Hierarchical Contrastive Learning for Ultrasound Video Model Pretraining,https://arxiv.org/abs/2210.04477,https://arxiv.org/pdf/2210.04477,"Chunhui Zhang, Yixiong Chen, Li Liu, Qiong Liu, Xi Zhou","The self-supervised ultrasound (US) video model pretraining can use a small amount of labeled data to achieve one of the most promising results on US diagnosis. However, it does not take full advantage of multi-level knowledge for learning deep neural networks (DNNs), and thus is difficult to learn transferable feature representations. This work proposes a hierarchical contrastive learning (HiCo) method to improve the transferability for the US video model pretraining. HiCo introduces both peer-level semantic alignment and cross-level semantic alignment to facilitate the interaction between different semantic levels, which can effectively accelerate the convergence speed, leading to better generalization and adaptation of the learned model. Additionally, a softened objective function is implemented by smoothing the hard labels, which can alleviate the negative effect caused by local similarities of images between different classes. Experiments with HiCo on five datasets demonstrate its favorable results over state-of-the-art approaches. The source code of this work is publicly available at https://github.com/983632847/HiCo.","Submitted10 October, 2022;originally announcedOctober 2022.",Paper accepted inACCV2022
ConTra: (Con)text (Tra)nsformer for Cross-Modal Video Retrieval,https://arxiv.org/abs/2210.04341,https://arxiv.org/pdf/2210.04341,"Adriano Fragomeni, Michael Wray, Dima Damen","In this paper, we re-examine the task of cross-modal clip-sentence retrieval, where the clip is part of a longer untrimmed video. When the clip is short or visually ambiguous, knowledge of its local temporal context (i.e. surrounding video segments) can be used to improve the retrieval performance. We propose Context Transformer (ConTra); an encoder architecture that models the interaction between a video clip and its local temporal context in order to enhance its embedded representations. Importantly, we supervise the context transformer using contrastive losses in the cross-modal embedding space. We explore context transformers for video and text modalities. Results consistently demonstrate improved performance on three datasets: YouCook2, EPIC-KITCHENS and a clip-sentence version of ActivityNet Captions. Exhaustive ablation studies and context analysis show the efficacy of the proposed method.","Submitted9 October, 2022;originally announcedOctober 2022.",Accepted inACCV2022
Point Cloud Upsampling via Cascaded Refinement Network,https://arxiv.org/abs/2210.03942,https://arxiv.org/pdf/2210.03942,"Hang Du, Xuejun Yan, Jingjing Wang, Di Xie, Shiliang Pu","Point cloud upsampling focuses on generating a dense, uniform and proximity-to-surface point set. Most previous approaches accomplish these objectives by carefully designing a single-stage network, which makes it still challenging to generate a high-fidelity point distribution. Instead, upsampling point cloud in a coarse-to-fine manner is a decent solution. However, existing coarse-to-fine upsampling methods require extra training strategies, which are complicated and time-consuming during the training. In this paper, we propose a simple yet effective cascaded refinement network, consisting of three generation stages that have the same network architecture but achieve different objectives. Specifically, the first two upsampling stages generate the dense but coarse points progressively, while the last refinement stage further adjust the coarse points to a better position. To mitigate the learning conflicts between multiple stages and decrease the difficulty of regressing new points, we encourage each stage to predict the point offsets with respect to the input shape. In this manner, the proposed cascaded refinement network can be easily optimized without extra learning strategies. Moreover, we design a transformer-based feature extraction module to learn the informative global and local shape context. In inference phase, we can dynamically adjust the model efficiency and effectiveness, depending on the available computational resources. Extensive experiments on both synthetic and real-scanned datasets demonstrate that the proposed approach outperforms the existing state-of-the-art methods.","Submitted8 October, 2022;originally announcedOctober 2022.",The first two authors contributed equally to this work. The code is publicly available at https://github.com/hikvision-research/3DVision. Accepted toACCV2022 as oral presentation
Multi-Scale Wavelet Transformer for Face Forgery Detection,https://arxiv.org/abs/2210.03899,https://arxiv.org/pdf/2210.03899,"Jie Liu, Jingjing Wang, Peng Zhang, Chunmao Wang, Di Xie, Shiliang Pu","Currently, many face forgery detection methods aggregate spatial and frequency features to enhance the generalization ability and gain promising performance under the cross-dataset scenario. However, these methods only leverage one level frequency information which limits their expressive ability. To overcome these limitations, we propose a multi-scale wavelet transformer framework for face forgery detection. Specifically, to take full advantage of the multi-scale and multi-frequency wavelet representation, we gradually aggregate the multi-scale wavelet representation at different stages of the backbone network. To better fuse the frequency feature with the spatial features, frequency-based spatial attention is designed to guide the spatial feature extractor to concentrate more on forgery traces. Meanwhile, cross-modality attention is proposed to fuse the frequency features with the spatial features. These two attention modules are calculated through a unified transformer block for efficiency. A wide variety of experiments demonstrate that the proposed method is efficient and effective for both within and cross datasets.","Submitted7 October, 2022;originally announcedOctober 2022.",The first two authors contributed equally to this work. Accepted toACCV2022 as oral presentation
PS-ARM: An End-to-End Attention-aware Relation Mixer Network for Person Search,https://arxiv.org/abs/2210.03433,https://arxiv.org/pdf/2210.03433,"Mustansar Fiaz, Hisham Cholakkal, Sanath Narayan, Rao Muhammad Anwer, Fahad Shahbaz Khan","Person search is a challenging problem with various real-world applications, that aims at joint person detection and re-identification of a query person from uncropped gallery images. Although, the previous study focuses on rich feature information learning, it is still hard to retrieve the query person due to the occurrence of appearance deformations and background distractors. In this paper, we propose a novel attention-aware relation mixer (ARM) module for person search, which exploits the global relation between different local regions within RoI of a person and make it robust against various appearance deformations and occlusion. The proposed ARM is composed of a relation mixer block and a spatio-channel attention layer. The relation mixer block introduces a spatially attended spatial mixing and a channel-wise attended channel mixing for effectively capturing discriminative relation features within an RoI. These discriminative relation features are further enriched by introducing a spatio-channel attention where the foreground and background discriminability is empowered in a joint spatio-channel space. Our ARM module is generic and it does not rely on fine-grained supervision or topological assumptions, hence being easily integrated into any Faster R-CNN based person search methods. Comprehensive experiments are performed on two challenging benchmark datasets: CUHKSYSU and PRW. Our PS-ARM achieves state-of-the-art performance on both datasets. On the challenging PRW dataset, our PS-ARM achieves an absolute gain of 5 in the mAP score over SeqNet, while operating at a comparable speed.","Submitted7 October, 2022;originally announcedOctober 2022.",Paper accepted inACCV2022
Compressed Vision for Efficient Video Understanding,https://arxiv.org/abs/2210.02995,https://arxiv.org/pdf/2210.02995,"Olivia Wiles, Joao Carreira, Iain Barr, Andrew Zisserman, Mateusz Malinowski","Experience and reasoning occur across multiple temporal scales: milliseconds, seconds, hours or days. The vast majority of computer vision research, however, still focuses on individual images or short videos lasting only a few seconds. This is because handling longer videos require more scalable approaches even to process them. In this work, we propose a framework enabling research on hour-long videos with the same hardware that can now process second-long videos. We replace standard video compression, e.g. JPEG, with neural compression and show that we can directly feed compressed videos as inputs to regular video networks. Operating on compressed videos improves efficiency at all pipeline levels -- data transfer, speed and memory -- making it possible to train models faster and on much longer videos. Processing compressed signals has, however, the downside of precluding standard augmentation techniques if done naively. We address that by introducing a small network that can apply transformations to latent codes corresponding to commonly used augmentations in the original video space. We demonstrate that with our compressed vision pipeline, we can train video models more efficiently on popular benchmarks such as Kinetics600 and COIN. We also perform proof-of-concept experiments with new tasks defined over hour-long videos at standard frame rates. Processing such long videos is impossible without using compressed representation.","Submitted6 October, 2022;originally announcedOctober 2022.",ACCV
Multi-stream Fusion for Class Incremental Learning in Pill Image Classification,https://arxiv.org/abs/2210.02313,https://arxiv.org/pdf/2210.02313,"Trong-Tung Nguyen, Hieu H. Pham, Phi Le Nguyen, Thanh Hung Nguyen, Minh Do","Classifying pill categories from real-world images is crucial for various smart healthcare applications. Although existing approaches in image classification might achieve a good performance on fixed pill categories, they fail to handle novel instances of pill categories that are frequently presented to the learning algorithm. To this end, a trivial solution is to train the model with novel classes. However, this may result in a phenomenon known as catastrophic forgetting, in which the system forgets what it learned in previous classes. In this paper, we address this challenge by introducing the class incremental learning (CIL) ability to traditional pill image classification systems. Specifically, we propose a novel incremental multi-stream intermediate fusion framework enabling incorporation of an additional guidance information stream that best matches the domain of the problem into various state-of-the-art CIL methods. From this framework, we consider color-specific information of pill images as a guidance stream and devise an approach, namely ""Color Guidance with Multi-stream intermediate fusion""(CG-IMIF) for solving CIL pill image classification task. We conduct comprehensive experiments on real-world incremental pill image classification dataset, namely VAIPE-PCIL, and find that the CG-IMIF consistently outperforms several state-of-the-art methods by a large margin in different task settings. Our code, data, and trained model are available at https://github.com/vinuni-vishc/CG-IMIF.","Submitted5 October, 2022;originally announcedOctober 2022.",Accepted for publication in the Asian Conference on Computer Vision (ACCV2022)
Decanus to Legatus: Synthetic training for 2D-3D human pose lifting,https://arxiv.org/abs/2210.02231,https://arxiv.org/pdf/2210.02231,"Yue Zhu, David Picard","3D human pose estimation is a challenging task because of the difficulty to acquire ground-truth data outside of controlled environments. A number of further issues have been hindering progress in building a universal and robust model for this task, including domain gaps between different datasets, unseen actions between train and test datasets, various hardware settings and high cost of annotation, etc. In this paper, we propose an algorithm to generate infinite 3D synthetic human poses (Legatus) from a 3D pose distribution based on 10 initial handcrafted 3D poses (Decanus) during the training of a 2D to 3D human pose lifter neural network. Our results show that we can achieve 3D pose estimation performance comparable to methods using real data from specialized datasets but in a zero-shot setup, showing the generalization potential of our framework.","Submitted5 October, 2022;originally announcedOctober 2022.",Accepted byACCV2022
SymmNeRF: Learning to Explore Symmetry Prior for Single-View View Synthesis,https://arxiv.org/abs/2209.14819,https://arxiv.org/pdf/2209.14819,"Xingyi Li, Chaoyi Hong, Yiran Wang, Zhiguo Cao, Ke Xian, Guosheng Lin","We study the problem of novel view synthesis of objects from a single image. Existing methods have demonstrated the potential in single-view view synthesis. However, they still fail to recover the fine appearance details, especially in self-occluded areas. This is because a single view only provides limited information. We observe that manmade objects usually exhibit symmetric appearances, which introduce additional prior knowledge. Motivated by this, we investigate the potential performance gains of explicitly embedding symmetry into the scene representation. In this paper, we propose SymmNeRF, a neural radiance field (NeRF) based framework that combines local and global conditioning under the introduction of symmetry priors. In particular, SymmNeRF takes the pixel-aligned image features and the corresponding symmetric features as extra inputs to the NeRF, whose parameters are generated by a hypernetwork. As the parameters are conditioned on the image-encoded latent codes, SymmNeRF is thus scene-independent and can generalize to new scenes. Experiments on synthetic and real-world datasets show that SymmNeRF synthesizes novel views with more details regardless of the pose transformation, and demonstrates good generalization when applied to unseen objects. Code is available at: https://github.com/xingyi-li/SymmNeRF.","Submitted11 March, 2023;v1submitted 29 September, 2022;originally announcedSeptember 2022.",Accepted byACCV2022
Neural Network Panning: Screening the Optimal Sparse Network Before Training,https://arxiv.org/abs/2209.13378,https://arxiv.org/pdf/2209.13378,"Xiatao Kang, Ping Li, Jiayi Yao, Chengxi Li","Pruning on neural networks before training not only compresses the original models, but also accelerates the network training phase, which has substantial application value. The current work focuses on fine-grained pruning, which uses metrics to calculate weight scores for weight screening, and extends from the initial single-order pruning to iterative pruning. Through these works, we argue that network pruning can be summarized as an expressive force transfer process of weights, where the reserved weights will take on the expressive force from the removed ones for the purpose of maintaining the performance of original networks. In order to achieve optimal expressive force scheduling, we propose a pruning scheme before training called Neural Network Panning which guides expressive force transfer through multi-index and multi-process steps, and designs a kind of panning agent based on reinforcement learning to automate processes. Experimental results show that Panning performs better than various available pruning before training methods.","Submitted27 September, 2022;originally announcedSeptember 2022.",Accepted byACCV2022
Multi-modal Segment Assemblage Network for Ad Video Editing with Importance-Coherence Reward,https://arxiv.org/abs/2209.12164,https://arxiv.org/pdf/2209.12164,"Yolo Yunlong Tang, Siting Xu, Teng Wang, Qin Lin, Qinglin Lu, Feng Zheng","Advertisement video editing aims to automatically edit advertising videos into shorter videos while retaining coherent content and crucial information conveyed by advertisers. It mainly contains two stages: video segmentation and segment assemblage. The existing method performs well at video segmentation stages but suffers from the problems of dependencies on extra cumbersome models and poor performance at the segment assemblage stage. To address these problems, we propose M-SAN (Multi-modal Segment Assemblage Network) which can perform efficient and coherent segment assemblage task end-to-end. It utilizes multi-modal representation extracted from the segments and follows the Encoder-Decoder Ptr-Net framework with the Attention mechanism. Importance-coherence reward is designed for training M-SAN. We experiment on the Ads-1k dataset with 1000+ videos under rich ad scenarios collected from advertisers. To evaluate the methods, we propose a unified metric, Imp-Coh@Time, which comprehensively assesses the importance, coherence, and duration of the outputs at the same time. Experimental results show that our method achieves better performance than random selection and the previous method on the metric. Ablation experiments further verify that multi-modal representation and importance-coherence reward significantly improve the performance. Ads-1k dataset is available at: https://github.com/yunlong10/Ads-1k","Submitted8 October, 2025;v1submitted 25 September, 2022;originally announcedSeptember 2022.",Accepted byACCV2022
A Simple Strategy to Provable Invariance via Orbit Mapping,https://arxiv.org/abs/2209.11916,https://arxiv.org/pdf/2209.11916,"Kanchana Vaishnavi Gandikota, Jonas Geiping, Zorah Lähner, Adam Czapliński, Michael Moeller","Many applications require robustness, or ideally invariance, of neural networks to certain transformations of input data. Most commonly, this requirement is addressed by training data augmentation, using adversarial training, or defining network architectures that include the desired invariance by design. In this work, we propose a method to make network architectures provably invariant with respect to group actions by choosing one element from a (possibly continuous) orbit based on a fixed criterion. In a nutshell, we intend to 'undo' any possible transformation before feeding the data into the actual network. Further, we empirically analyze the properties of different approaches which incorporate invariance via training or architecture, and demonstrate the advantages of our method in terms of robustness and computational efficiency. In particular, we investigate the robustness with respect to rotations of images (which can hold up to discretization artifacts) as well as the provable orientation and scaling invariance of 3D point cloud classification.","Submitted23 September, 2022;originally announcedSeptember 2022.","ACCV2022, older version is titled ""Training or Architecture? How to Incorporate Invariance in Neural Networks"",(arXiv:2106.10044)"
DIG: Draping Implicit Garment over the Human Body,https://arxiv.org/abs/2209.10845,https://arxiv.org/pdf/2209.10845,"Ren Li, Benoît Guillard, Edoardo Remelli, Pascal Fua","Existing data-driven methods for draping garments over human bodies, despite being effective, cannot handle garments of arbitrary topology and are typically not end-to-end differentiable. To address these limitations, we propose an end-to-end differentiable pipeline that represents garments using implicit surfaces and learns a skinning field conditioned on shape and pose parameters of an articulated body model. To limit body-garment interpenetrations and artifacts, we propose an interpenetration-aware pre-processing strategy of training data and a novel training loss that penalizes self-intersections while draping garments. We demonstrate that our method yields more accurate results for garment reconstruction and deformation with respect to state of the art methods. Furthermore, we show that our method, thanks to its end-to-end differentiability, allows to recover body and garments parameters jointly from image observations, something that previous work could not do.","Submitted24 September, 2022;v1submitted 22 September, 2022;originally announcedSeptember 2022.","16 pages, 9 figures, 5 tables,ACCV2022"
Is an Object-Centric Video Representation Beneficial for Transfer?,https://arxiv.org/abs/2207.10075,https://arxiv.org/pdf/2207.10075,"Chuhan Zhang, Ankush Gupta, Andrew Zisserman","The objective of this work is to learn an object-centric video representation, with the aim of improving transferability to novel tasks, i.e., tasks different from the pre-training task of action classification. To this end, we introduce a new object-centric video recognition model based on a transformer architecture. The model learns a set of object-centric summary vectors for the video, and uses these vectors to fuse the visual and spatio-temporal trajectory 'modalities' of the video clip. We also introduce a novel trajectory contrast loss to further enhance objectness in these summary vectors. With experiments on four datasets -- SomethingSomething-V2, SomethingElse, Action Genome and EpicKitchens -- we show that the object-centric model outperforms prior video representations (both object-agnostic and object-aware), when: (1) classifying actions on unseen objects and unseen environments; (2) low-shot learning of novel classes; (3) linear probe to other downstream tasks; as well as (4) for standard action classification.","Submitted8 October, 2022;v1submitted 20 July, 2022;originally announcedJuly 2022.",Accepted toACCV2022
Augmenting Softmax Information for Selective Classification with Out-of-Distribution Data,https://arxiv.org/abs/2207.07506,https://arxiv.org/pdf/2207.07506,"Guoxuan Xia, Christos-Savvas Bouganis","Detecting out-of-distribution (OOD) data is a task that is receiving an increasing amount of research attention in the domain of deep learning for computer vision. However, the performance of detection methods is generally evaluated on the task in isolation, rather than also considering potential downstream tasks in tandem. In this work, we examine selective classification in the presence of OOD data (SCOD). That is to say, the motivation for detecting OOD samples is to reject them so their impact on the quality of predictions is reduced. We show under this task specification, that existing post-hoc methods perform quite differently compared to when evaluated only on OOD detection. This is because it is no longer an issue to conflate in-distribution (ID) data with OOD data if the ID data is going to be misclassified. However, the conflation within ID data of correct and incorrect predictions becomes undesirable. We also propose a novel method for SCOD, Softmax Information Retaining Combination (SIRC), that augments softmax-based confidence scores with feature-agnostic information such that their ability to identify OOD samples is improved without sacrificing separation between correct and incorrect ID predictions. Experiments on a wide variety of ImageNet-scale datasets and convolutional neural network architectures show that SIRC is able to consistently match or outperform the baseline for SCOD, whilst existing OOD detection methods fail to do so.","Submitted14 March, 2023;v1submitted 15 July, 2022;originally announcedJuly 2022.",ACCV2022 (Best Paper Award) https://openaccess.thecvf.com/content/ACCV2022/html/Xia_Augmenting_Softmax_Information_for_Selective_Classification_with_Out-of-Distribution_Data_ACCV_2022_paper.html
Physical Passive Patch Adversarial Attacks on Visual Odometry Systems,https://arxiv.org/abs/2207.05729,https://arxiv.org/pdf/2207.05729,"Yaniv Nemcovsky, Matan Jacoby, Alex M. Bronstein, Chaim Baskin","Deep neural networks are known to be susceptible to adversarial perturbations -- small perturbations that alter the output of the network and exist under strict norm limitations. While such perturbations are usually discussed as tailored to a specific input, a universal perturbation can be constructed to alter the model's output on a set of inputs. Universal perturbations present a more realistic case of adversarial attacks, as awareness of the model's exact input is not required. In addition, the universal attack setting raises the subject of generalization to unseen data, where given a set of inputs, the universal perturbations aim to alter the model's output on out-of-sample data. In this work, we study physical passive patch adversarial attacks on visual odometry-based autonomous navigation systems. A visual odometry system aims to infer the relative camera motion between two corresponding viewpoints, and is frequently used by vision-based autonomous navigation systems to estimate their state. For such navigation systems, a patch adversarial perturbation poses a severe security issue, as it can be used to mislead a system onto some collision course. To the best of our knowledge, we show for the first time that the error margin of a visual odometry model can be significantly increased by deploying patch adversarial attacks in the scene. We provide evaluation on synthetic closed-loop drone navigation data and demonstrate that a comparable vulnerability exists in real data. A reference implementation of the proposed method and the reported experiments is provided at https://github.com/patchadversarialattacks/patchadversarialattacks.","Submitted4 October, 2022;v1submitted 11 July, 2022;originally announcedJuly 2022.",Accepted toACCV2022
Enhancing Fairness of Visual Attribute Predictors,https://arxiv.org/abs/2207.05727,https://arxiv.org/pdf/2207.05727,"Tobias Hänel, Nishant Kumar, Dmitrij Schlesinger, Mengze Li, Erdem Ünal, Abouzar Eslami, Stefan Gumhold","The performance of deep neural networks for image recognition tasks such as predicting a smiling face is known to degrade with under-represented classes of sensitive attributes. We address this problem by introducing fairness-aware regularization losses based on batch estimates of Demographic Parity, Equalized Odds, and a novel Intersection-over-Union measure. The experiments performed on facial and medical images from CelebA, UTKFace, and the SIIM-ISIC melanoma classification challenge show the effectiveness of our proposed fairness losses for bias mitigation as they improve model fairness while maintaining high classification performance. To the best of our knowledge, our work is the first attempt to incorporate these types of losses in an end-to-end training scheme for mitigating biases of visual attribute predictors. Our code is available at https://github.com/nish03/FVAP.","Submitted1 October, 2022;v1submitted 7 July, 2022;originally announcedJuly 2022.","Camera Ready,ACCV2022"
Cross-Architecture Knowledge Distillation,https://arxiv.org/abs/2207.05273,https://arxiv.org/pdf/2207.05273,"Yufan Liu, Jiajiong Cao, Bing Li, Weiming Hu, Jingting Ding, Liang Li","Transformer attracts much attention because of its ability to learn global relations and superior performance. In order to achieve higher performance, it is natural to distill complementary knowledge from Transformer to convolutional neural network (CNN). However, most existing knowledge distillation methods only consider homologous-architecture distillation, such as distilling knowledge from CNN to CNN. They may not be suitable when applying to cross-architecture scenarios, such as from Transformer to CNN. To deal with this problem, a novel cross-architecture knowledge distillation method is proposed. Specifically, instead of directly mimicking output/intermediate features of the teacher, partially cross attention projector and group-wise linear projector are introduced to align the student features with the teacher's in two projected feature spaces. And a multi-view robust training scheme is further presented to improve the robustness and stability of the framework. Extensive experiments show that the proposed method outperforms 14 state-of-the-arts on both small-scale and large-scale datasets.","Submitted14 November, 2022;v1submitted 11 July, 2022;originally announcedJuly 2022.",Accepted byACCV2022
Learning to Adapt to Unseen Abnormal Activities under Weak Supervision,https://arxiv.org/abs/2203.13610,https://arxiv.org/pdf/2203.13610,"Jaeyoo Park, Junha Kim, Bohyung Han","We present a meta-learning framework for weakly supervised anomaly detection in videos, where the detector learns to adapt to unseen types of abnormal activities effectively when only video-level annotations of binary labels are available. Our work is motivated by the fact that existing methods suffer from poor generalization to diverse unseen examples. We claim that an anomaly detector equipped with a meta-learning scheme alleviates the limitation by leading the model to an initialization point for better optimization. We evaluate the performance of our framework on two challenging datasets, UCF-Crime and ShanghaiTech. The experimental results demonstrate that our algorithm boosts the capability to localize unseen abnormal events in a weakly supervised setting. Besides the technical contributions, we perform the annotation of missing labels in the UCF-Crime dataset and make our task evaluated effectively.","Submitted25 March, 2022;originally announcedMarch 2022.","20 pages,ACCV2020"
MatchFormer: Interleaving Attention in Transformers for Feature Matching,https://arxiv.org/abs/2203.09645,https://arxiv.org/pdf/2203.09645,"Qing Wang, Jiaming Zhang, Kailun Yang, Kunyu Peng, Rainer Stiefelhagen","Local feature matching is a computationally intensive task at the subpixel level. While detector-based methods coupled with feature descriptors struggle in low-texture scenes, CNN-based methods with a sequential extract-to-match pipeline, fail to make use of the matching capacity of the encoder and tend to overburden the decoder for matching. In contrast, we propose a novel hierarchical extract-and-match transformer, termed as MatchFormer. Inside each stage of the hierarchical encoder, we interleave self-attention for feature extraction and cross-attention for feature matching, yielding a human-intuitive extract-and-match scheme. Such a match-aware encoder releases the overloaded decoder and makes the model highly efficient. Further, combining self- and cross-attention on multi-scale features in a hierarchical architecture improves matching robustness, particularly in low-texture indoor scenes or with less outdoor training data. Thanks to such a strategy, MatchFormer is a multi-win solution in efficiency, robustness, and precision. Compared to the previous best method in indoor pose estimation, our lite MatchFormer has only 45% GFLOPs, yet achieves a +1.3% precision gain and a 41% running speed boost. The large MatchFormer reaches state-of-the-art on four different benchmarks, including indoor pose estimation (ScanNet), outdoor pose estimation (MegaDepth), homography estimation and image matching (HPatch), and visual localization (InLoc).","Submitted23 September, 2022;v1submitted 17 March, 2022;originally announcedMarch 2022.",Accepted toACCV2022. Code is available at https://github.com/jamycheung/MatchFormer
Neural Residual Flow Fields for Efficient Video Representations,https://arxiv.org/abs/2201.04329,https://arxiv.org/pdf/2201.04329,"Daniel Rho, Junwoo Cho, Jong Hwan Ko, Eunbyung Park","Neural fields have emerged as a powerful paradigm for representing various signals, including videos. However, research on improving the parameter efficiency of neural fields is still in its early stages. Even though neural fields that map coordinates to colors can be used to encode video signals, this scheme does not exploit the spatial and temporal redundancy of video signals. Inspired by standard video compression algorithms, we propose a neural field architecture for representing and compressing videos that deliberately removes data redundancy through the use of motion information across video frames. Maintaining motion information, which is typically smoother and less complex than color signals, requires a far fewer number of parameters. Furthermore, reusing color values through motion information further improves the network parameter efficiency. In addition, we suggest using more than one reference frame for video frame reconstruction and separate networks, one for optical flows and the other for residuals. Experimental results have shown that the proposed method outperforms the baseline methods by a significant margin. The code is available in https://github.com/daniel03c1/eff_video_representation","Submitted5 October, 2022;v1submitted 12 January, 2022;originally announcedJanuary 2022.","Accepted forACCV2022, codes are available at https://github.com/daniel03c1/eff_video_representation"
PU-Transformer: Point Cloud Upsampling Transformer,https://arxiv.org/abs/2111.12242,https://arxiv.org/pdf/2111.12242,"Shi Qiu, Saeed Anwar, Nick Barnes","Given the rapid development of 3D scanners, point clouds are becoming popular in AI-driven machines. However, point cloud data is inherently sparse and irregular, causing significant difficulties for machine perception. In this work, we focus on the point cloud upsampling task that intends to generate dense high-fidelity point clouds from sparse input data. Specifically, to activate the transformer's strong capability in representing features, we develop a new variant of a multi-head self-attention structure to enhance both point-wise and channel-wise relations of the feature map. In addition, we leverage a positional fusion block to comprehensively capture the local context of point cloud data, providing more position-related information about the scattered points. As the first transformer model introduced for point cloud upsampling, we demonstrate the outstanding performance of our approach by comparing with the state-of-the-art CNN-based methods on different benchmarks quantitatively and qualitatively.","Submitted3 October, 2022;v1submitted 23 November, 2021;originally announcedNovember 2021.",ACCV2022
Lossless Image Compression Using a Multi-Scale Progressive Statistical Model,https://arxiv.org/abs/2108.10551,https://arxiv.org/pdf/2108.10551,"Honglei Zhang, Francesco Cricri, Hamed R. Tavakoli, Nannan Zou, Emre Aksu, Miska M. Hannuksela","Lossless image compression is an important technique for image storage and transmission when information loss is not allowed. With the fast development of deep learning techniques, deep neural networks have been used in this field to achieve a higher compression rate. Methods based on pixel-wise autoregressive statistical models have shown good performance. However, the sequential processing way prevents these methods to be used in practice. Recently, multi-scale autoregressive models have been proposed to address this limitation. Multi-scale approaches can use parallel computing systems efficiently and build practical systems. Nevertheless, these approaches sacrifice compression performance in exchange for speed. In this paper, we propose a multi-scale progressive statistical model that takes advantage of the pixel-wise approach and the multi-scale approach. We developed a flexible mechanism where the processing order of the pixels can be adjusted easily. Our proposed method outperforms the state-of-the-art lossless image compression methods on two large benchmark datasets by a significant margin without degrading the inference speed dramatically.","Submitted24 August, 2021;originally announcedAugust 2021.",AcceptedACCV2020
Inverting Adversarially Robust Networks for Image Synthesis,https://arxiv.org/abs/2106.06927,https://arxiv.org/pdf/2106.06927,"Renan A. Rojas-Gomez, Raymond A. Yeh, Minh N. Do, Anh Nguyen","Despite unconditional feature inversion being the foundation of many image synthesis applications, training an inverter demands a high computational budget, large decoding capacity and imposing conditions such as autoregressive priors. To address these limitations, we propose the use of adversarially robust representations as a perceptual primitive for feature inversion. We train an adversarially robust encoder to extract disentangled and perceptually-aligned image representations, making them easily invertible. By training a simple generator with the mirror architecture of the encoder, we achieve superior reconstruction quality and generalization over standard models. Based on this, we propose an adversarially robust autoencoder and demonstrate its improved performance on style transfer, image denoising and anomaly detection tasks. Compared to recent ImageNet feature inversion methods, our model attains improved performance with significantly less complexity.","Submitted21 October, 2022;v1submitted 13 June, 2021;originally announcedJune 2021.",Accepted at the 16th Asian Conference on Computer Vision (ACCV2022)
Discovering Multi-Label Actor-Action Association in a Weakly Supervised Setting,https://arxiv.org/abs/2101.08567,https://arxiv.org/pdf/2101.08567,"Sovan Biswas, Juergen Gall","Since collecting and annotating data for spatio-temporal action detection is very expensive, there is a need to learn approaches with less supervision. Weakly supervised approaches do not require any bounding box annotations and can be trained only from labels that indicate whether an action occurs in a video clip. Current approaches, however, cannot handle the case when there are multiple persons in a video that perform multiple actions at the same time. In this work, we address this very challenging task for the first time. We propose a baseline based on multi-instance and multi-label learning. Furthermore, we propose a novel approach that uses sets of actions as representation instead of modeling individual action classes. Since computing, the probabilities for the full power set becomes intractable as the number of action classes increases, we assign an action set to each detected person under the constraint that the assignment is consistent with the annotation of the video clip. We evaluate the proposed approach on the challenging AVA dataset where the proposed approach outperforms the MIML baseline and is competitive to fully supervised approaches.","Submitted21 January, 2021;originally announcedJanuary 2021.",Accepted inACCV2020
Pre-training without Natural Images,https://arxiv.org/abs/2101.08515,https://arxiv.org/pdf/2101.08515,"Hirokatsu Kataoka, Kazushige Okayasu, Asato Matsumoto, Eisuke Yamagata, Ryosuke Yamada, Nakamasa Inoue, Akio Nakamura, Yutaka Satoh","Is it possible to use convolutional neural networks pre-trained without any natural images to assist natural image understanding? The paper proposes a novel concept, Formula-driven Supervised Learning. We automatically generate image patterns and their category labels by assigning fractals, which are based on a natural law existing in the background knowledge of the real world. Theoretically, the use of automatically generated images instead of natural images in the pre-training phase allows us to generate an infinite scale dataset of labeled images. Although the models pre-trained with the proposed Fractal DataBase (FractalDB), a database without natural images, does not necessarily outperform models pre-trained with human annotated datasets at all settings, we are able to partially surpass the accuracy of ImageNet/Places pre-trained models. The image representation with the proposed FractalDB captures a unique feature in the visualization of convolutional layers and attentions.","Submitted21 January, 2021;originally announcedJanuary 2021.","ACCV2020 Best Paper Honorable Mention Award, Codes are publicly available: https://github.com/hirokatsukataoka16/FractalDB-Pretrained-ResNet-PyTorch"
Class-incremental Learning with Rectified Feature-Graph Preservation,https://arxiv.org/abs/2012.08129,https://arxiv.org/pdf/2012.08129,"Cheng-Hsun Lei, Yi-Hsin Chen, Wen-Hsiao Peng, Wei-Chen Chiu","In this paper, we address the problem of distillation-based class-incremental learning with a single head. A central theme of this task is to learn new classes that arrive in sequential phases over time while keeping the model's capability of recognizing seen classes with only limited memory for preserving seen data samples. Many regularization strategies have been proposed to mitigate the phenomenon of catastrophic forgetting. To understand better the essence of these regularizations, we introduce a feature-graph preservation perspective. Insights into their merits and faults motivate our weighted-Euclidean regularization for old knowledge preservation. We further propose rectified cosine normalization and show how it can work with binary cross-entropy to increase class separation for effective learning of new classes. Experimental results on both CIFAR-100 and ImageNet datasets demonstrate that our method outperforms the state-of-the-art approaches in reducing classification error, easing catastrophic forgetting, and encouraging evenly balanced accuracy over different classes. Our project page is at : https://github.com/yhchen12101/FGP-ICL.","Submitted22 January, 2021;v1submitted 15 December, 2020;originally announcedDecember 2020.",Accepted byACCV2020 (oral)
Betrayed by Motion: Camouflaged Object Discovery via Motion Segmentation,https://arxiv.org/abs/2011.11630,https://arxiv.org/pdf/2011.11630,"Hala Lamdouar, Charig Yang, Weidi Xie, Andrew Zisserman","The objective of this paper is to design a computational architecture that discovers camouflaged objects in videos, specifically by exploiting motion information to perform object segmentation. We make the following three contributions: (i) We propose a novel architecture that consists of two essential components for breaking camouflage, namely, a differentiable registration module to align consecutive frames based on the background, which effectively emphasises the object boundary in the difference image, and a motion segmentation module with memory that discovers the moving objects, while maintaining the object permanence even when motion is absent at some point. (ii) We collect the first large-scale Moving Camouflaged Animals (MoCA) video dataset, which consists of over 140 clips across a diverse range of animals (67 categories). (iii) We demonstrate the effectiveness of the proposed model on MoCA, and achieve competitive performance on the unsupervised segmentation protocol on DAVIS2016 by only relying on motion.","Submitted23 November, 2020;originally announcedNovember 2020.",ACCV2020
Adversarial Refinement Network for Human Motion Prediction,https://arxiv.org/abs/2011.11221,https://arxiv.org/pdf/2011.11221,"Xianjin Chao, Yanrui Bin, Wenqing Chu, Xuan Cao, Yanhao Ge, Chengjie Wang, Jilin Li, Feiyue Huang, Howard Leung","Human motion prediction aims to predict future 3D skeletal sequences by giving a limited human motion as inputs. Two popular methods, recurrent neural networks and feed-forward deep networks, are able to predict rough motion trend, but motion details such as limb movement may be lost. To predict more accurate future human motion, we propose an Adversarial Refinement Network (ARNet) following a simple yet effective coarse-to-fine mechanism with novel adversarial error augmentation. Specifically, we take both the historical motion sequences and coarse prediction as input of our cascaded refinement network to predict refined human motion and strengthen the refinement network with adversarial error augmentation. During training, we deliberately introduce the error distribution by learning through the adversarial mechanism among different subjects. In testing, our cascaded refinement network alleviates the prediction error from the coarse predictor resulting in a finer prediction robustly. This adversarial error augmentation provides rich error cases as input to our refinement network, leading to better generalization performance on the testing dataset. We conduct extensive experiments on three standard benchmark datasets and show that our proposed ARNet outperforms other state-of-the-art methods, especially on challenging aperiodic actions in both short-term and long-term predictions.","Submitted23 November, 2020;v1submitted 23 November, 2020;originally announcedNovember 2020.",Accepted byACCV2020(Oral)
Imbalance Robust Softmax for Deep Embeeding Learning,https://arxiv.org/abs/2011.11155,https://arxiv.org/pdf/2011.11155,"Hao Zhu, Yang Yuan, Guosheng Hu, Xiang Wu, Neil Robertson","Deep embedding learning is expected to learn a metric space in which features have smaller maximal intra-class distance than minimal inter-class distance. In recent years, one research focus is to solve the open-set problem by discriminative deep embedding learning in the field of face recognition (FR) and person re-identification (re-ID). Apart from open-set problem, we find that imbalanced training data is another main factor causing the performance degradation of FR and re-ID, and data imbalance widely exists in the real applications. However, very little research explores why and how data imbalance influences the performance of FR and re-ID with softmax or its variants. In this work, we deeply investigate data imbalance in the perspective of neural network optimisation and feature distribution about softmax. We find one main reason of performance degradation caused by data imbalance is that the weights (from the penultimate fully-connected layer) are far from their class centers in feature space. Based on this investigation, we propose a unified framework, Imbalance-Robust Softmax (IR-Softmax), which can simultaneously solve the open-set problem and reduce the influence of data imbalance. IR-Softmax can generalise to any softmax and its variants (which are discriminative for open-set problem) by directly setting the weights as their class centers, naturally solving the data imbalance problem. In this work, we explicitly re-formulate two discriminative softmax (A-Softmax and AM-Softmax) under the framework of IR-Softmax. We conduct extensive experiments on FR databases (LFW, MegaFace) and re-ID database (Market-1501, Duke), and IR-Softmax outperforms many state-of-the-art methods.","Submitted22 November, 2020;originally announcedNovember 2020.",has been accepted byACCV2020
Domain Adaptation Gaze Estimation by Embedding with Prediction Consistency,https://arxiv.org/abs/2011.07526,https://arxiv.org/pdf/2011.07526,"Zidong Guo, Zejian Yuan, Chong Zhang, Wanchao Chi, Yonggen Ling, Shenghao Zhang","Gaze is the essential manifestation of human attention. In recent years, a series of work has achieved high accuracy in gaze estimation. However, the inter-personal difference limits the reduction of the subject-independent gaze estimation error. This paper proposes an unsupervised method for domain adaptation gaze estimation to eliminate the impact of inter-personal diversity. In domain adaption, we design an embedding representation with prediction consistency to ensure that the linear relationship between gaze directions in different domains remains consistent on gaze space and embedding space. Specifically, we employ source gaze to form a locally linear representation in the gaze space for each target domain prediction. Then the same linear combinations are applied in the embedding space to generate hypothesis embedding for the target domain sample, remaining prediction consistency. The deviation between the target and source domain is reduced by approximating the predicted and hypothesis embedding for the target domain sample. Guided by the proposed strategy, we design Domain Adaptation Gaze Estimation Network(DAGEN), which learns embedding with prediction consistency and achieves state-of-the-art results on both the MPIIGaze and the EYEDIAP datasets.","Submitted15 November, 2020;originally announcedNovember 2020.","16 pages, 6 figures,ACCV2020 (oral)"
Lightweight Single-Image Super-Resolution Network with Attentive Auxiliary Feature Learning,https://arxiv.org/abs/2011.06773,https://arxiv.org/pdf/2011.06773,"Xuehui Wang, Qing Wang, Yuzhi Zhao, Junchi Yan, Lei Fan, Long Chen","Despite convolutional network-based methods have boosted the performance of single image super-resolution (SISR), the huge computation costs restrict their practical applicability. In this paper, we develop a computation efficient yet accurate network based on the proposed attentive auxiliary features (A$^2$F) for SISR. Firstly, to explore the features from the bottom layers, the auxiliary feature from all the previous layers are projected into a common space. Then, to better utilize these projected auxiliary features and filter the redundant information, the channel attention is employed to select the most important common feature based on current layer feature. We incorporate these two modules into a block and implement it with a lightweight network. Experimental results on large-scale dataset demonstrate the effectiveness of the proposed model against the state-of-the-art (SOTA) SR methods. Notably, when parameters are less than 320k, A$^2$F outperforms SOTA methods for all scales, which proves its ability to better utilize the auxiliary features. Codes are available at https://github.com/wxxxxxxh/A2F-SR.","Submitted13 November, 2020;originally announcedNovember 2020.",Accepted byACCV2020
A Weakly Supervised Convolutional Network for Change Segmentation and Classification,https://arxiv.org/abs/2011.03577,https://arxiv.org/pdf/2011.03577,"Philipp Andermatt, Radu Timofte","Fully supervised change detection methods require difficult to procure pixel-level labels, while weakly supervised approaches can be trained with image-level labels. However, most of these approaches require a combination of changed and unchanged image pairs for training. Thus, these methods can not directly be used for datasets where only changed image pairs are available. We present W-CDNet, a novel weakly supervised change detection network that can be trained with image-level semantic labels. Additionally, W-CDNet can be trained with two different types of datasets, either containing changed image pairs only or a mixture of changed and unchanged image pairs. Since we use image-level semantic labels for training, we simultaneously create a change mask and label the changed object for single-label images. W-CDNet employs a W-shaped siamese U-net to extract feature maps from an image pair which then get compared in order to create a raw change mask. The core part of our model, the Change Segmentation and Classification (CSC) module, learns an accurate change mask at a hidden layer by using a custom Remapping Block and then segmenting the current input image with the change mask. The segmented image is used to predict the image-level semantic label. The correct label can only be predicted if the change mask actually marks relevant change. This forces the model to learn an accurate change mask. We demonstrate the segmentation and classification performance of our approach and achieve top results on AICD and HRSCD, two public aerial imaging change detection datasets as well as on a Food Waste change detection dataset. Our code is available at https://github.com/PhiAbs/W-CDNet .","Submitted6 November, 2020;originally announcedNovember 2020.","17 pages, 5 figures. Accepted at the Machine Learning and Computing for Visual Semantic Analysis (MLCSA2020) Workshop which is held in conjunction withACCV2020"
Semi-supervised Facial Action Unit Intensity Estimation with Contrastive Learning,https://arxiv.org/abs/2011.01864,https://arxiv.org/pdf/2011.01864,"Enrique Sanchez, Adrian Bulat, Anestis Zaganidis, Georgios Tzimiropoulos","This paper tackles the challenging problem of estimating the intensity of Facial Action Units with few labeled images. Contrary to previous works, our method does not require to manually select key frames, and produces state-of-the-art results with as little as $2\%$ of annotated frames, which are \textit{randomly chosen}. To this end, we propose a semi-supervised learning approach where a spatio-temporal model combining a feature extractor and a temporal module are learned in two stages. The first stage uses datasets of unlabeled videos to learn a strong spatio-temporal representation of facial behavior dynamics based on contrastive learning. To our knowledge we are the first to build upon this framework for modeling facial behavior in an unsupervised manner. The second stage uses another dataset of randomly chosen labeled frames to train a regressor on top of our spatio-temporal model for estimating the AU intensity. We show that although backpropagation through time is applied only with respect to the output of the network for extremely sparse and randomly chosen labeled frames, our model can be effectively trained to estimate AU intensity accurately, thanks to the unsupervised pre-training of the first stage. We experimentally validate that our method outperforms existing methods when working with as little as $2\%$ of randomly chosen data for both DISFA and BP4D datasets, without a careful choice of labeled frames, a time-consuming task still required in previous approaches.","Submitted4 November, 2020;v1submitted 3 November, 2020;originally announcedNovember 2020.",ACCV2020
Progressive Batching for Efficient Non-linear Least Squares,https://arxiv.org/abs/2010.10968,https://arxiv.org/pdf/2010.10968,"Huu Le, Christopher Zach, Edward Rosten, Oliver J. Woodford","Non-linear least squares solvers are used across a broad range of offline and real-time model fitting problems. Most improvements of the basic Gauss-Newton algorithm tackle convergence guarantees or leverage the sparsity of the underlying problem structure for computational speedup. With the success of deep learning methods leveraging large datasets, stochastic optimization methods received recently a lot of attention. Our work borrows ideas from both stochastic machine learning and statistics, and we present an approach for non-linear least-squares that guarantees convergence while at the same time significantly reduces the required amount of computation. Empirical results show that our proposed method achieves competitive convergence rates compared to traditional second-order approaches on common computer vision problems, such as image alignment and essential matrix estimation, with very large numbers of residuals.","Submitted21 October, 2020;originally announcedOctober 2020.",Accepted toACCV2020
Synthesizing the Unseen for Zero-shot Object Detection,https://arxiv.org/abs/2010.09425,https://arxiv.org/pdf/2010.09425,"Nasir Hayat, Munawar Hayat, Shafin Rahman, Salman Khan, Syed Waqas Zamir, Fahad Shahbaz Khan","The existing zero-shot detection approaches project visual features to the semantic domain for seen objects, hoping to map unseen objects to their corresponding semantics during inference. However, since the unseen objects are never visualized during training, the detection model is skewed towards seen content, thereby labeling unseen as background or a seen class. In this work, we propose to synthesize visual features for unseen classes, so that the model learns both seen and unseen objects in the visual domain. Consequently, the major challenge becomes, how to accurately synthesize unseen objects merely using their class semantics? Towards this ambitious goal, we propose a novel generative model that uses class-semantics to not only generate the features but also to discriminatively separate them. Further, using a unified model, we ensure the synthesized features have high diversity that represents the intra-class differences and variable localization precision in the detected bounding boxes. We test our approach on three object detection benchmarks, PASCAL VOC, MSCOCO, and ILSVRC detection, under both conventional and generalized settings, showing impressive gains over the state-of-the-art methods. Our codes are available at https://github.com/nasir6/zero_shot_detection.","Submitted19 October, 2020;originally announcedOctober 2020.",Accepted for publication atACCV2020
MCGKT-Net: Multi-level Context Gating Knowledge Transfer Network for Single Image Deraining,https://arxiv.org/abs/2010.09241,https://arxiv.org/pdf/2010.09241,"Kohei Yamamichi, Xian-Hua Han","Rain streak removal in a single image is a very challenging task due to its ill-posed nature in essence. Recently, the end-to-end learning techniques with deep convolutional neural networks (DCNN) have made great progress in this task. However, the conventional DCNN-based deraining methods have struggled to exploit deeper and more complex network architectures for pursuing better performance. This study proposes a novel MCGKT-Net for boosting deraining performance, which is a naturally multi-scale learning framework being capable of exploring multi-scale attributes of rain streaks and different semantic structures of the clear images. In order to obtain high representative features inside MCGKT-Net, we explore internal knowledge transfer module using ConvLSTM unit for conducting interaction learning between different layers and investigate external knowledge transfer module for leveraging the knowledge already learned in other task domains. Furthermore, to dynamically select useful features in learning procedure, we propose a multi-scale context gating module in the MCGKT-Net using squeeze-and-excitation block. Experiments on three benchmark datasets: Rain100H, Rain100L, and Rain800, manifest impressive performance compared with state-of-the-art methods.","Submitted19 October, 2020;originally announcedOctober 2020.",ACCV2020
Self-Supervised Multi-View Synchronization Learning for 3D Pose Estimation,https://arxiv.org/abs/2010.06218,https://arxiv.org/pdf/2010.06218,"Simon Jenni, Paolo Favaro","Current state-of-the-art methods cast monocular 3D human pose estimation as a learning problem by training neural networks on large data sets of images and corresponding skeleton poses. In contrast, we propose an approach that can exploit small annotated data sets by fine-tuning networks pre-trained via self-supervised learning on (large) unlabeled data sets. To drive such networks towards supporting 3D pose estimation during the pre-training step, we introduce a novel self-supervised feature learning task designed to focus on the 3D structure in an image. We exploit images extracted from videos captured with a multi-view camera system. The task is to classify whether two images depict two views of the same scene up to a rigid transformation. In a multi-view data set, where objects deform in a non-rigid manner, a rigid transformation occurs only between two views taken at the exact same time, i.e., when they are synchronized. We demonstrate the effectiveness of the synchronization task on the Human3.6M data set and achieve state-of-the-art results in 3D human pose estimation.","Submitted13 October, 2020;originally announcedOctober 2020.",ACCV2020 (oral)
Learning 3D Face Reconstruction with a Pose Guidance Network,https://arxiv.org/abs/2010.04384,https://arxiv.org/pdf/2010.04384,"Pengpeng Liu, Xintong Han, Michael Lyu, Irwin King, Jia Xu","We present a self-supervised learning approach to learning monocular 3D face reconstruction with a pose guidance network (PGN). First, we unveil the bottleneck of pose estimation in prior parametric 3D face learning methods, and propose to utilize 3D face landmarks for estimating pose parameters. With our specially designed PGN, our model can learn from both faces with fully labeled 3D landmarks and unlimited unlabeled in-the-wild face images. Our network is further augmented with a self-supervised learning scheme, which exploits face geometry information embedded in multiple frames of the same person, to alleviate the ill-posed nature of regressing 3D face geometry from a single image. These three insights yield a single approach that combines the complementary strengths of parametric model learning and data-driven learning techniques. We conduct a rigorous evaluation on the challenging AFLW2000-3D, Florence and FaceWarehouse datasets, and show that our method outperforms the state-of-the-art for all metrics.","Submitted9 October, 2020;originally announcedOctober 2020.",ACCV2020 (Oral)
Double Targeted Universal Adversarial Perturbations,https://arxiv.org/abs/2010.03288,https://arxiv.org/pdf/2010.03288,"Philipp Benz, Chaoning Zhang, Tooba Imtiaz, In So Kweon","Despite their impressive performance, deep neural networks (DNNs) are widely known to be vulnerable to adversarial attacks, which makes it challenging for them to be deployed in security-sensitive applications, such as autonomous driving. Image-dependent perturbations can fool a network for one specific image, while universal adversarial perturbations are capable of fooling a network for samples from all classes without selection. We introduce a double targeted universal adversarial perturbations (DT-UAPs) to bridge the gap between the instance-discriminative image-dependent perturbations and the generic universal perturbations. This universal perturbation attacks one targeted source class to sink class, while having a limited adversarial effect on other non-targeted source classes, for avoiding raising suspicions. Targeting the source and sink class simultaneously, we term it double targeted attack (DTA). This provides an attacker with the freedom to perform precise attacks on a DNN model while raising little suspicion. We show the effectiveness of the proposed DTA algorithm on a wide range of datasets and also demonstrate its potential as a physical attack.","Submitted7 October, 2020;originally announcedOctober 2020.",Accepted atACCV2020
RealSmileNet: A Deep End-To-End Network for Spontaneous and Posed Smile Recognition,https://arxiv.org/abs/2010.03203,https://arxiv.org/pdf/2010.03203,"Yan Yang, Md Zakir Hossain, Tom Gedeon, Shafin Rahman","Smiles play a vital role in the understanding of social interactions within different communities, and reveal the physical state of mind of people in both real and deceptive ways. Several methods have been proposed to recognize spontaneous and posed smiles. All follow a feature-engineering based pipeline requiring costly pre-processing steps such as manual annotation of face landmarks, tracking, segmentation of smile phases, and hand-crafted features. The resulting computation is expensive, and strongly dependent on pre-processing steps. We investigate an end-to-end deep learning model to address these problems, the first end-to-end model for spontaneous and posed smile recognition. Our fully automated model is fast and learns the feature extraction processes by training a series of convolution and ConvLSTM layer from scratch. Our experiments on four datasets demonstrate the robustness and generalization of the proposed model by achieving state-of-the-art performances.","Submitted7 October, 2020;originally announcedOctober 2020.",Accepted byACCV
Channel Recurrent Attention Networks for Video Pedestrian Retrieval,https://arxiv.org/abs/2010.03108,https://arxiv.org/pdf/2010.03108,"Pengfei Fang, Pan Ji, Jieming Zhou, Lars Petersson, Mehrtash Harandi","Full attention, which generates an attention value per element of the input feature maps, has been successfully demonstrated to be beneficial in visual tasks. In this work, we propose a fully attentional network, termed {\it channel recurrent attention network}, for the task of video pedestrian retrieval. The main attention unit, \textit{channel recurrent attention}, identifies attention maps at the frame level by jointly leveraging spatial and channel patterns via a recurrent neural network. This channel recurrent attention is designed to build a global receptive field by recurrently receiving and learning the spatial vectors. Then, a \textit{set aggregation} cell is employed to generate a compact video representation. Empirical experimental results demonstrate the superior performance of the proposed deep network, outperforming current state-of-the-art results across standard video person retrieval benchmarks, and a thorough ablation study shows the effectiveness of the proposed units.","Submitted6 October, 2020;originally announcedOctober 2020.",To appear inACCV2020
Motion Prediction Using Temporal Inception Module,https://arxiv.org/abs/2010.03006,https://arxiv.org/pdf/2010.03006,"Tim Lebailly, Sena Kiciroglu, Mathieu Salzmann, Pascal Fua, Wei Wang","Human motion prediction is a necessary component for many applications in robotics and autonomous driving. Recent methods propose using sequence-to-sequence deep learning models to tackle this problem. However, they do not focus on exploiting different temporal scales for different length inputs. We argue that the diverse temporal scales are important as they allow us to look at the past frames with different receptive fields, which can lead to better predictions. In this paper, we propose a Temporal Inception Module (TIM) to encode human motion. Making use of TIM, our framework produces input embeddings using convolutional layers, by using different kernel sizes for different input lengths. The experimental results on standard motion prediction benchmark datasets Human3.6M and CMU motion capture dataset show that our approach consistently outperforms the state of the art methods.","Submitted6 October, 2020;originally announcedOctober 2020.","16 pages, 4 figures. To appear in the proceedings of the 15th Asian Conference on Computer Vision,ACCV2020"
Visualizing Color-wise Saliency of Black-Box Image Classification Models,https://arxiv.org/abs/2010.02468,https://arxiv.org/pdf/2010.02468,"Yuhki Hatakeyama, Hiroki Sakuma, Yoshinori Konishi, Kohei Suenaga","Image classification based on machine learning is being commonly used. However, a classification result given by an advanced method, including deep learning, is often hard to interpret. This problem of interpretability is one of the major obstacles in deploying a trained model in safety-critical systems. Several techniques have been proposed to address this problem; one of which is RISE, which explains a classification result by a heatmap, called a saliency map, which explains the significance of each pixel. We propose MC-RISE (Multi-Color RISE), which is an enhancement of RISE to take color information into account in an explanation. Our method not only shows the saliency of each pixel in a given image as the original RISE does, but the significance of color components of each pixel; a saliency map with color information is useful especially in the domain where the color information matters (e.g., traffic-sign recognition). We implemented MC-RISE and evaluate them using two datasets (GTSRB and ImageNet) to demonstrate the effectiveness of our methods in comparison with existing techniques for interpreting image classification results.","Submitted6 October, 2020;originally announcedOctober 2020.",To appear inACCV2020
A Benchmark and Baseline for Language-Driven Image Editing,https://arxiv.org/abs/2010.02330,https://arxiv.org/pdf/2010.02330,"Jing Shi, Ning Xu, Trung Bui, Franck Dernoncourt, Zheng Wen, Chenliang Xu","Language-driven image editing can significantly save the laborious image editing work and be friendly to the photography novice. However, most similar work can only deal with a specific image domain or can only do global retouching. To solve this new task, we first present a new language-driven image editing dataset that supports both local and global editing with editing operation and mask annotations. Besides, we also propose a baseline method that fully utilizes the annotation to solve this problem. Our new method treats each editing operation as a sub-module and can automatically predict operation parameters. Not only performing well on challenging user data, but such an approach is also highly interpretable. We believe our work, including both the benchmark and the baseline, will advance the image editing area towards a more general and free-form level.","Submitted5 October, 2020;originally announcedOctober 2020.",Accepted byACCV2020
Best Buddies Registration for Point Clouds,https://arxiv.org/abs/2010.01912,https://arxiv.org/pdf/2010.01912,"Amnon Drory, Tal Shomer, Shai Avidan, Raja Giryes","We propose new, and robust, loss functions for the point cloud registration problem. Our loss functions are inspired by the Best Buddies Similarity (BBS) measure that counts the number of mutual nearest neighbors between two point sets. This measure has been shown to be robust to outliers and missing data in the case of template matching for images. We present several algorithms, collectively named Best Buddy Registration (BBR), where each algorithm consists of optimizing one of these loss functions with Adam gradient descent. The loss functions differ in several ways, including the distance function used (point-to-point vs. point-to-plane), and how the BBS measure is combined with the actual distances between pairs of points. Experiments on various data sets, both synthetic and real, demonstrate the effectiveness of the BBR algorithms, showing that they are quite robust to noise, outliers, and distractors, and cope well with extremely sparse point clouds. One variant, BBR-F, achieves state-of-the-art accuracy in the registration of automotive lidar scans taken up to several seconds apart, from the KITTI and Apollo-Southbay datasets.","Submitted5 October, 2020;originally announcedOctober 2020.",Accepted toACCV2020
Class-Wise Difficulty-Balanced Loss for Solving Class-Imbalance,https://arxiv.org/abs/2010.01824,https://arxiv.org/pdf/2010.01824,"Saptarshi Sinha, Hiroki Ohashi, Katsuyuki Nakamura","Class-imbalance is one of the major challenges in real world datasets, where a few classes (called majority classes) constitute much more data samples than the rest (called minority classes). Learning deep neural networks using such datasets leads to performances that are typically biased towards the majority classes. Most of the prior works try to solve class-imbalance by assigning more weights to the minority classes in various manners (e.g., data re-sampling, cost-sensitive learning). However, we argue that the number of available training data may not be always a good clue to determine the weighting strategy because some of the minority classes might be sufficiently represented even by a small number of training data. Overweighting samples of such classes can lead to drop in the model's overall performance. We claim that the 'difficulty' of a class as perceived by the model is more important to determine the weighting. In this light, we propose a novel loss function named Class-wise Difficulty-Balanced loss, or CDB loss, which dynamically distributes weights to each sample according to the difficulty of the class that the sample belongs to. Note that the assigned weights dynamically change as the 'difficulty' for the model may change with the learning progress. Extensive experiments are conducted on both image (artificially induced class-imbalanced MNIST, long-tailed CIFAR and ImageNet-LT) and video (EGTEA) datasets. The results show that CDB loss consistently outperforms the recently proposed loss functions on class-imbalanced datasets irrespective of the data type (i.e., video or image).","Submitted5 October, 2020;originally announcedOctober 2020.",Accepted forACCV2020 oral presentation
AFN: Attentional Feedback Network based 3D Terrain Super-Resolution,https://arxiv.org/abs/2010.01626,https://arxiv.org/pdf/2010.01626,"Ashish Kubade, Diptiben Patel, Avinash Sharma, K. S. Rajan","Terrain, representing features of an earth surface, plays a crucial role in many applications such as simulations, route planning, analysis of surface dynamics, computer graphics-based games, entertainment, films, to name a few. With recent advancements in digital technology, these applications demand the presence of high-resolution details in the terrain. In this paper, we propose a novel fully convolutional neural network-based super-resolution architecture to increase the resolution of low-resolution Digital Elevation Model (LRDEM) with the help of information extracted from the corresponding aerial image as a complementary modality. We perform the super-resolution of LRDEM using an attention-based feedback mechanism named 'Attentional Feedback Network' (AFN), which selectively fuses the information from LRDEM and aerial image to enhance and infuse the high-frequency features and to produce the terrain realistically. We compare the proposed architecture with existing state-of-the-art DEM super-resolution methods and show that the proposed architecture outperforms enhancing the resolution of input LRDEM accurately and in a realistic manner.","Submitted4 October, 2020;originally announcedOctober 2020.",Accepted as oral atACCV2020
Leveraging Tacit Information Embedded in CNN Layers for Visual Tracking,https://arxiv.org/abs/2010.01204,https://arxiv.org/pdf/2010.01204,"Kourosh Meshgi, Maryam Sadat Mirzaei, Shigeyuki Oba","Different layers in CNNs provide not only different levels of abstraction for describing the objects in the input but also encode various implicit information about them. The activation patterns of different features contain valuable information about the stream of incoming images: spatial relations, temporal patterns, and co-occurrence of spatial and spatiotemporal (ST) features. The studies in visual tracking literature, so far, utilized only one of the CNN layers, a pre-fixed combination of them, or an ensemble of trackers built upon individual layers. In this study, we employ an adaptive combination of several CNN layers in a single DCF tracker to address variations of the target appearances and propose the use of style statistics on both spatial and temporal properties of the target, directly extracted from CNN layers for visual tracking. Experiments demonstrate that using the additional implicit data of CNNs significantly improves the performance of the tracker. Results demonstrate the effectiveness of using style similarity and activation consistency regularization in improving its localization and scale accuracy.","Submitted2 October, 2020;originally announcedOctober 2020.",ACCV2020 Camera Ready Extended Version
Goal-GAN: Multimodal Trajectory Prediction Based on Goal Position Estimation,https://arxiv.org/abs/2010.01114,https://arxiv.org/pdf/2010.01114,"Patrick Dendorfer, Aljoša Ošep, Laura Leal-Taixé","In this paper, we present Goal-GAN, an interpretable and end-to-end trainable model for human trajectory prediction. Inspired by human navigation, we model the task of trajectory prediction as an intuitive two-stage process: (i) goal estimation, which predicts the most likely target positions of the agent, followed by a (ii) routing module which estimates a set of plausible trajectories that route towards the estimated goal. We leverage information about the past trajectory and visual context of the scene to estimate a multi-modal probability distribution over the possible goal positions, which is used to sample a potential goal during the inference. The routing is governed by a recurrent neural network that reacts to physical constraints in the nearby surroundings and generates feasible paths that route towards the sampled goal. Our extensive experimental evaluation shows that our method establishes a new state-of-the-art on several benchmarks while being able to generate a realistic and diverse set of trajectories that conform to physical constraints.","Submitted2 October, 2020;originally announcedOctober 2020.",Oral presentation atACCV2020
Online Knowledge Distillation via Multi-branch Diversity Enhancement,https://arxiv.org/abs/2010.00795,https://arxiv.org/pdf/2010.00795,"Zheng Li, Ying Huang, Defang Chen, Tianren Luo, Ning Cai, Zhigeng Pan","Knowledge distillation is an effective method to transfer the knowledge from the cumbersome teacher model to the lightweight student model. Online knowledge distillation uses the ensembled prediction results of multiple student models as soft targets to train each student model. However, the homogenization problem will lead to difficulty in further improving model performance. In this work, we propose a new distillation method to enhance the diversity among multiple student models. We introduce Feature Fusion Module (FFM), which improves the performance of the attention mechanism in the network by integrating rich semantic information contained in the last block of multiple student models. Furthermore, we use the Classifier Diversification(CD) loss function to strengthen the differences between the student models and deliver a better ensemble result. Extensive experiments proved that our method significantly enhances the diversity among student models and brings better distillation performance. We evaluate our method on three image classification datasets: CIFAR-10/100 and CINIC-10. The results show that our method achieves state-of-the-art performance on these datasets.","Submitted13 November, 2020;v1submitted 2 October, 2020;originally announcedOctober 2020.",ACCV2020
Utilizing Transfer Learning and a Customized Loss Function for Optic Disc Segmentation from Retinal Images,https://arxiv.org/abs/2010.00583,https://arxiv.org/pdf/2010.00583,"Abdullah Sarhan, Ali Al-KhazÁly, Adam Gorner, Andrew Swift, Jon Rokne, Reda Alhajj, Andrew Crichton","Accurate segmentation of the optic disc from a retinal image is vital to extracting retinal features that may be highly correlated with retinal conditions such as glaucoma. In this paper, we propose a deep-learning based approach capable of segmenting the optic disc given a high-precision retinal fundus image. Our approach utilizes a UNET-based model with a VGG16 encoder trained on the ImageNet dataset. This study can be distinguished from other studies in the customization made for the VGG16 model, the diversity of the datasets adopted, the duration of disc segmentation, the loss function utilized, and the number of parameters required to train our model. Our approach was tested on seven publicly available datasets augmented by a dataset from a private clinic that was annotated by two Doctors of Optometry through a web portal built for this purpose. We achieved an accuracy of 99.78\% and a Dice coefficient of 94.73\% for a disc segmentation from a retinal image in 0.03 seconds. The results obtained from comprehensive experiments demonstrate the robustness of our approach to disc segmentation of retinal images obtained from different sources.","Submitted1 October, 2020;originally announcedOctober 2020.",Accepted byACCV2020
Encode the Unseen: Predictive Video Hashing for Scalable Mid-Stream Retrieval,https://arxiv.org/abs/2009.14661,https://arxiv.org/pdf/2009.14661,"Tong Yu, Nicolas Padoy","This paper tackles a new problem in computer vision: mid-stream video-to-video retrieval. This task, which consists in searching a database for content similar to a video right as it is playing, e.g. from a live stream, exhibits challenging characteristics. Only the beginning part of the video is available as query and new frames are constantly added as the video plays out. To perform retrieval in this demanding situation, we propose an approach based on a binary encoder that is both predictive and incremental in order to (1) account for the missing video content at query time and (2) keep up with repeated, continuously evolving queries throughout the streaming. In particular, we present the first hashing framework that infers the unseen future content of a currently playing video. Experiments on FCVID and ActivityNet demonstrate the feasibility of this task. Our approach also yields a significant mAP@20 performance increase compared to a baseline adapted from the literature for this task, for instance 7.4% (2.6%) increase at 20% (50%) of elapsed runtime on FCVID using bitcodes of size 192 bits.","Submitted2 October, 2020;v1submitted 30 September, 2020;originally announcedSeptember 2020.",Accepted atACCV2020
Adversarial Semi-Supervised Multi-Domain Tracking,https://arxiv.org/abs/2009.14635,https://arxiv.org/pdf/2009.14635,"Kourosh Meshgi, Maryam Sadat Mirzaei","Neural networks for multi-domain learning empowers an effective combination of information from different domains by sharing and co-learning the parameters. In visual tracking, the emerging features in shared layers of a multi-domain tracker, trained on various sequences, are crucial for tracking in unseen videos. Yet, in a fully shared architecture, some of the emerging features are useful only in a specific domain, reducing the generalization of the learned feature representation. We propose a semi-supervised learning scheme to separate domain-invariant and domain-specific features using adversarial learning, to encourage mutual exclusion between them, and to leverage self-supervised learning for enhancing the shared features using the unlabeled reservoir. By employing these features and training dedicated layers for each sequence, we build a tracker that performs exceptionally on different types of videos.","Submitted30 September, 2020;originally announcedSeptember 2020.",Accepted forACCV2020
Uncertainty Estimation and Sample Selection for Crowd Counting,https://arxiv.org/abs/2009.14411,https://arxiv.org/pdf/2009.14411,"Viresh Ranjan, Boyu Wang, Mubarak Shah, Minh Hoai","We present a method for image-based crowd counting, one that can predict a crowd density map together with the uncertainty values pertaining to the predicted density map. To obtain prediction uncertainty, we model the crowd density values using Gaussian distributions and develop a convolutional neural network architecture to predict these distributions. A key advantage of our method over existing crowd counting methods is its ability to quantify the uncertainty of its predictions. We illustrate the benefits of knowing the prediction uncertainty by developing a method to reduce the human annotation effort needed to adapt counting networks to a new domain. We present sample selection strategies which make use of the density and uncertainty of predictions from the networks trained on one domain to select the informative images from a target domain of interest to acquire human annotation. We show that our sample selection strategy drastically reduces the amount of labeled data from the target domain needed to adapt a counting network trained on a source domain to the target domain. Empirically, the networks trained on UCF-QNRF dataset can be adapted to surpass the performance of the previous state-of-the-art results on NWPU dataset and Shanghaitech dataset using only 17$\%$ of the labeled training samples from the target domain.","Submitted4 October, 2020;v1submitted 29 September, 2020;originally announcedSeptember 2020.",ACCV2020
Localize to Classify and Classify to Localize: Mutual Guidance in Object Detection,https://arxiv.org/abs/2009.14085,https://arxiv.org/pdf/2009.14085,"Heng Zhang, Elisa Fromont, Sébastien Lefevre, Bruno Avignon","Most deep learning object detectors are based on the anchor mechanism and resort to the Intersection over Union (IoU) between predefined anchor boxes and ground truth boxes to evaluate the matching quality between anchors and objects. In this paper, we question this use of IoU and propose a new anchor matching criterion guided, during the training phase, by the optimization of both the localization and the classification tasks: the predictions related to one task are used to dynamically assign sample anchors and improve the model on the other task, and vice versa. Despite the simplicity of the proposed method, our experiments with different state-of-the-art deep learning architectures on PASCAL VOC and MS COCO datasets demonstrate the effectiveness and generality of our Mutual Guidance strategy.","Submitted29 September, 2020;originally announcedSeptember 2020.",Accepted byACCV2020
TinyGAN: Distilling BigGAN for Conditional Image Generation,https://arxiv.org/abs/2009.13829,https://arxiv.org/pdf/2009.13829,"Ting-Yun Chang, Chi-Jen Lu","Generative Adversarial Networks (GANs) have become a powerful approach for generative image modeling. However, GANs are notorious for their training instability, especially on large-scale, complex datasets. While the recent work of BigGAN has significantly improved the quality of image generation on ImageNet, it requires a huge model, making it hard to deploy on resource-constrained devices. To reduce the model size, we propose a black-box knowledge distillation framework for compressing GANs, which highlights a stable and efficient training process. Given BigGAN as the teacher network, we manage to train a much smaller student network to mimic its functionality, achieving competitive performance on Inception and FID scores with the generator having $16\times$ fewer parameters.","Submitted29 September, 2020;originally announcedSeptember 2020.",accepted byACCV2020
Addressing Class Imbalance in Scene Graph Parsing by Learning to Contrast and Score,https://arxiv.org/abs/2009.13331,https://arxiv.org/pdf/2009.13331,"He Huang, Shunta Saito, Yuta Kikuchi, Eiichi Matsumoto, Wei Tang, Philip S. Yu","Scene graph parsing aims to detect objects in an image scene and recognize their relations. Recent approaches have achieved high average scores on some popular benchmarks, but fail in detecting rare relations, as the highly long-tailed distribution of data biases the learning towards frequent labels. Motivated by the fact that detecting these rare relations can be critical in real-world applications, this paper introduces a novel integrated framework of classification and ranking to resolve the class imbalance problem in scene graph parsing. Specifically, we design a new Contrasting Cross-Entropy loss, which promotes the detection of rare relations by suppressing incorrect frequent ones. Furthermore, we propose a novel scoring module, termed as Scorer, which learns to rank the relations based on the image features and relation features to improve the recall of predictions. Our framework is simple and effective, and can be incorporated into current scene graph models. Experimental results show that the proposed approach improves the current state-of-the-art methods, with a clear advantage of detecting rare relations.","Submitted5 October, 2020;v1submitted 28 September, 2020;originally announcedSeptember 2020.",ACCV2020
EvolGAN: Evolutionary Generative Adversarial Networks,https://arxiv.org/abs/2009.13311,https://arxiv.org/pdf/2009.13311,"Baptiste Roziere, Fabien Teytaud, Vlad Hosu, Hanhe Lin, Jeremy Rapin, Mariia Zameshina, Olivier Teytaud","We propose to use a quality estimator and evolutionary methods to search the latent space of generative adversarial networks trained on small, difficult datasets, or both. The new method leads to the generation of significantly higher quality images while preserving the original generator's diversity. Human raters preferred an image from the new version with frequency 83.7pc for Cats, 74pc for FashionGen, 70.4pc for Horses, and 69.2pc for Artworks, and minor improvements for the already excellent GANs for faces. This approach applies to any quality scorer and GAN generator.","Submitted28 September, 2020;originally announcedSeptember 2020.",acceptedACCVoral
Depth-Adapted CNN for RGB-D cameras,https://arxiv.org/abs/2009.09976,https://arxiv.org/pdf/2009.09976,"Zongwei Wu, Guillaume Allibert, Christophe Stolz, Cedric Demonceaux","Conventional 2D Convolutional Neural Networks (CNN) extract features from an input image by applying linear filters. These filters compute the spatial coherence by weighting the photometric information on a fixed neighborhood without taking into account the geometric information. We tackle the problem of improving the classical RGB CNN methods by using the depth information provided by the RGB-D cameras. State-of-the-art approaches use depth as an additional channel or image (HHA) or pass from 2D CNN to 3D CNN. This paper proposes a novel and generic procedure to articulate both photometric and geometric information in CNN architecture. The depth data is represented as a 2D offset to adapt spatial sampling locations. The new model presented is invariant to scale and rotation around the X and the Y axis of the camera coordinate system. Moreover, when depth data is constant, our model is equivalent to a regular CNN. Experiments of benchmarks validate the effectiveness of our model.","Submitted23 September, 2020;v1submitted 21 September, 2020;originally announcedSeptember 2020.",Accepted manuscript inACCV2020 (Oral)
Adversarial Image Composition with Auxiliary Illumination,https://arxiv.org/abs/2009.08255,https://arxiv.org/pdf/2009.08255,"Fangneng Zhan, Shijian Lu, Changgong Zhang, Feiying Ma, Xuansong Xie","Dealing with the inconsistency between a foreground object and a background image is a challenging task in high-fidelity image composition. State-of-the-art methods strive to harmonize the composed image by adapting the style of foreground objects to be compatible with the background image, whereas the potential shadow of foreground objects within the composed image which is critical to the composition realism is largely neglected. In this paper, we propose an Adversarial Image Composition Net (AIC-Net) that achieves realistic image composition by considering potential shadows that the foreground object projects in the composed image. A novel branched generation mechanism is proposed, which disentangles the generation of shadows and the transfer of foreground styles for optimal accomplishment of the two tasks simultaneously. A differentiable spatial transformation module is designed which bridges the local harmonization and the global harmonization to achieve their joint optimization effectively. Extensive experiments on pedestrian and car composition tasks show that the proposed AIC-Net achieves superior composition performance qualitatively and quantitatively.","Submitted9 January, 2021;v1submitted 17 September, 2020;originally announcedSeptember 2020.",Accepted toACCV2020 (Oral)
Vax-a-Net: Training-time Defence Against Adversarial Patch Attacks,https://arxiv.org/abs/2009.08194,https://arxiv.org/pdf/2009.08194,"T. Gittings, S. Schneider, J. Collomosse","We present Vax-a-Net; a technique for immunizing convolutional neural networks (CNNs) against adversarial patch attacks (APAs). APAs insert visually overt, local regions (patches) into an image to induce misclassification. We introduce a conditional Generative Adversarial Network (GAN) architecture that simultaneously learns to synthesise patches for use in APAs, whilst exploiting those attacks to adapt a pre-trained target CNN to reduce its susceptibility to them. This approach enables resilience against APAs to be conferred to pre-trained models, which would be impractical with conventional adversarial training due to the slow convergence of APA methods. We demonstrate transferability of this protection to defend against existing APAs, and show its efficacy across several contemporary CNN architectures.","Submitted17 September, 2020;originally announcedSeptember 2020.","16 pages, 10 figures,ACCV2020"
Multiple Exemplars-based Hallucinationfor Face Super-resolution and Editing,https://arxiv.org/abs/2009.07827,https://arxiv.org/pdf/2009.07827,"Kaili Wang, Jose Oramas, Tinne Tuytelaars","Given a really low-resolution input image of a face (say 16x16 or 8x8 pixels), the goal of this paper is to reconstruct a high-resolution version thereof. This, by itself, is an ill-posed problem, as the high-frequency information is missing in the low-resolution input and needs to be hallucinated, based on prior knowledge about the image content. Rather than relying on a generic face prior, in this paper, we explore the use of a set of exemplars, i.e. other high-resolution images of the same person. These guide the neural network as we condition the output on them. Multiple exemplars work better than a single one. To combine the information from multiple exemplars effectively, we introduce a pixel-wise weight generation module. Besides standard face super-resolution, our method allows to perform subtle face editing simply by replacing the exemplars with another set with different facial features. A user study is conducted and shows the super-resolved images can hardly be distinguished from real images on the CelebA dataset. A qualitative comparison indicates our model outperforms methods proposed in the literature on the CelebA and WebFace dataset.","Submitted14 January, 2021;v1submitted 16 September, 2020;originally announcedSeptember 2020.",accepted inACCV2020
RAF-AU Database: In-the-Wild Facial Expressions with Subjective Emotion Judgement and Objective AU Annotations,https://arxiv.org/abs/2008.05196,https://arxiv.org/pdf/2008.05196,"Wenjing Yan, Shan Li, Chengtao Que, JiQuan Pei, Weihong Deng","Much of the work on automatic facial expression recognition relies on databases containing a certain number of emotion classes and their exaggerated facial configurations (generally six prototypical facial expressions), based on Ekman's Basic Emotion Theory. However, recent studies have revealed that facial expressions in our human life can be blended with multiple basic emotions. And the emotion labels for these in-the-wild facial expressions cannot easily be annotated solely on pre-defined AU patterns. How to analyze the action units for such complex expressions is still an open question. To address this issue, we develop a RAF-AU database that employs a sign-based (i.e., AUs) and judgement-based (i.e., perceived emotion) approach to annotating blended facial expressions in the wild. We first reviewed the annotation methods in existing databases and identified crowdsourcing as a promising strategy for labeling in-the-wild facial expressions. Then, RAF-AU was finely annotated by experienced coders, on which we also conducted a preliminary investigation of which key AUs contribute most to a perceived emotion, and the relationship between AUs and facial expressions. Finally, we provided a baseline for AU recognition in RAF-AU using popular features and multi-label learning methods.","Submitted28 September, 2020;v1submitted 12 August, 2020;originally announcedAugust 2020.",ACCV2020
3D Human Motion Estimation via Motion Compression and Refinement,https://arxiv.org/abs/2008.03789,https://arxiv.org/pdf/2008.03789,"Zhengyi Luo, S. Alireza Golestaneh, Kris M. Kitani","We develop a technique for generating smooth and accurate 3D human pose and motion estimates from RGB video sequences. Our method, which we call Motion Estimation via Variational Autoencoder (MEVA), decomposes a temporal sequence of human motion into a smooth motion representation using auto-encoder-based motion compression and a residual representation learned through motion refinement. This two-step encoding of human motion captures human motion in two stages: a general human motion estimation step that captures the coarse overall motion, and a residual estimation that adds back person-specific motion details. Experiments show that our method produces both smooth and accurate 3D human pose and motion estimates.","Submitted5 October, 2020;v1submitted 9 August, 2020;originally announcedAugust 2020.",Accepted byACCV2020 (Oral). Project page: https://zhengyiluo.github.io/projects/meva/
Meta-Learning with Context-Agnostic Initialisations,https://arxiv.org/abs/2007.14658,https://arxiv.org/pdf/2007.14658,"Toby Perrett, Alessandro Masullo, Tilo Burghardt, Majid Mirmehdi, Dima Damen","Meta-learning approaches have addressed few-shot problems by finding initialisations suited for fine-tuning to target tasks. Often there are additional properties within training data (which we refer to as context), not relevant to the target task, which act as a distractor to meta-learning, particularly when the target task contains examples from a novel context not seen during training. We address this oversight by incorporating a context-adversarial component into the meta-learning process. This produces an initialisation for fine-tuning to target which is both context-agnostic and task-generalised. We evaluate our approach on three commonly used meta-learning algorithms and two problems. We demonstrate our context-agnostic meta-learning improves results in each case. First, we report on Omniglot few-shot character classification, using alphabets as context. An average improvement of 4.3% is observed across methods and tasks when classifying characters from an unseen alphabet. Second, we evaluate on a dataset for personalised energy expenditure predictions from video, using participant knowledge as context. We demonstrate that context-agnostic meta-learning decreases the average mean square error by 30%.","Submitted22 October, 2020;v1submitted 29 July, 2020;originally announcedJuly 2020.",Accepted atACCV2020
Active Learning for Video Description With Cluster-Regularized Ensemble Ranking,https://arxiv.org/abs/2007.13913,https://arxiv.org/pdf/2007.13913,"David M. Chan, Sudheendra Vijayanarasimhan, David A. Ross, John Canny","Automatic video captioning aims to train models to generate text descriptions for all segments in a video, however, the most effective approaches require large amounts of manual annotation which is slow and expensive. Active learning is a promising way to efficiently build a training set for video captioning tasks while reducing the need to manually label uninformative examples. In this work we both explore various active learning approaches for automatic video captioning and show that a cluster-regularized ensemble strategy provides the best active learning approach to efficiently gather training sets for video captioning. We evaluate our approaches on the MSR-VTT and LSMDC datasets using both transformer and LSTM based captioning models and show that our novel strategy can achieve high performance while using up to 60% fewer training data than the strong state of the art baselines.","Submitted2 December, 2020;v1submitted 27 July, 2020;originally announcedJuly 2020.",Published at the 15th Asian Conference on Computer Vision (ACCV2020)
Speech2Video Synthesis with 3D Skeleton Regularization and Expressive Body Poses,https://arxiv.org/abs/2007.09198,https://arxiv.org/pdf/2007.09198,"Miao Liao, Sibo Zhang, Peng Wang, Hao Zhu, Xinxin Zuo, Ruigang Yang","In this paper, we propose a novel approach to convert given speech audio to a photo-realistic speaking video of a specific person, where the output video has synchronized, realistic, and expressive rich body dynamics. We achieve this by first generating 3D skeleton movements from the audio sequence using a recurrent neural network (RNN), and then synthesizing the output video via a conditional generative adversarial network (GAN). To make the skeleton movement realistic and expressive, we embed the knowledge of an articulated 3D human skeleton and a learned dictionary of personal speech iconic gestures into the generation process in both learning and testing pipelines. The former prevents the generation of unreasonable body distortion, while the later helps our model quickly learn meaningful body movement through a few recorded videos. To produce photo-realistic and high-resolution video with motion details, we propose to insert part attention mechanisms in the conditional GAN, where each detailed part, e.g. head and hand, is automatically zoomed in to have their own discriminators. To validate our approach, we collect a dataset with 20 high-quality videos from 1 male and 1 female model reading various documents under different topics. Compared with previous SoTA pipelines handling similar tasks, our approach achieves better results by a user study.","Submitted8 October, 2020;v1submitted 17 July, 2020;originally announcedJuly 2020.",Accepted byACCV2020
Synthetic-to-Real Domain Adaptation for Lane Detection,https://arxiv.org/abs/2007.04023,https://arxiv.org/pdf/2007.04023,"Noa Garnett, Roy Uziel, Netalee Efrat, Dan Levi","Accurate lane detection, a crucial enabler for autonomous driving, currently relies on obtaining a large and diverse labeled training dataset. In this work, we explore learning from abundant, randomly generated synthetic data, together with unlabeled or partially labeled target domain data, instead. Randomly generated synthetic data has the advantage of controlled variability in the lane geometry and lighting, but it is limited in terms of photo-realism. This poses the challenge of adapting models learned on the unrealistic synthetic domain to real images. To this end we develop a novel autoencoder-based approach that uses synthetic labels unaligned with particular images for adapting to target domain data. In addition, we explore existing domain adaptation approaches, such as image translation and self-supervision, and adjust them to the lane detection task. We test all approaches in the unsupervised domain adaptation setting in which no target domain labels are available and in the semi-supervised setting in which a small portion of the target images are labeled. In extensive experiments using three different datasets, we demonstrate the possibility to save costly target domain labeling efforts. For example, using our proposed autoencoder approach on the llamas and tuSimple lane datasets, we can almost recover the fully supervised accuracy with only 10% of the labeled data. In addition, our autoencoder approach outperforms all other methods in the semi-supervised domain adaptation scenario.","Submitted9 November, 2020;v1submitted 8 July, 2020;originally announcedJuly 2020.",ACCV2020
COMET: Context-Aware IoU-Guided Network for Small Object Tracking,https://arxiv.org/abs/2006.02597,https://arxiv.org/pdf/2006.02597,"Seyed Mojtaba Marvasti-Zadeh, Javad Khaghani, Hossein Ghanei-Yakhdan, Shohreh Kasaei, Li Cheng","We consider the problem of tracking an unknown small target from aerial videos of medium to high altitudes. This is a challenging problem, which is even more pronounced in unavoidable scenarios of drastic camera motion and high density. To address this problem, we introduce a context-aware IoU-guided tracker (COMET) that exploits a multitask two-stream network and an offline reference proposal generation strategy. The proposed network fully exploits target-related information by multi-scale feature learning and attention modules. The proposed strategy introduces an efficient sampling strategy to generalize the network on the target and its parts without imposing extra computational complexity during online tracking. These strategies contribute considerably in handling significant occlusions and viewpoint changes. Empirically, COMET outperforms the state-of-the-arts in a range of aerial view datasets that focusing on tracking small objects. Specifically, COMET outperforms the celebrated ATOM tracker by an average margin of 6.2% (and 7%) in precision (and success) score on challenging benchmarks of UAVDT, VisDrone-2019, and Small-90.","Submitted18 September, 2020;v1submitted 3 June, 2020;originally announcedJune 2020.",Accepted manuscript inACCV2020
Long-Term Cloth-Changing Person Re-identification,https://arxiv.org/abs/2005.12633,https://arxiv.org/pdf/2005.12633,"Xuelin Qian, Wenxuan Wang, Li Zhang, Fangrui Zhu, Yanwei Fu, Tao Xiang, Yu-Gang Jiang, Xiangyang Xue","Person re-identification (Re-ID) aims to match a target person across camera views at different locations and times. Existing Re-ID studies focus on the short-term cloth-consistent setting, under which a person re-appears in different camera views with the same outfit. A discriminative feature representation learned by existing deep Re-ID models is thus dominated by the visual appearance of clothing. In this work, we focus on a much more difficult yet practical setting where person matching is conducted over long-duration, e.g., over days and months and therefore inevitably under the new challenge of changing clothes. This problem, termed Long-Term Cloth-Changing (LTCC) Re-ID is much understudied due to the lack of large scale datasets. The first contribution of this work is a new LTCC dataset containing people captured over a long period of time with frequent clothing changes. As a second contribution, we propose a novel Re-ID method specifically designed to address the cloth-changing challenge. Specifically, we consider that under cloth-changes, soft-biometrics such as body shape would be more reliable. We, therefore, introduce a shape embedding module as well as a cloth-elimination shape-distillation module aiming to eliminate the now unreliable clothing appearance features and focus on the body shape information. Extensive experiments show that superior performance is achieved by the proposed model on the new LTCC dataset. The code and dataset will be available at https://naiq.github.io/LTCC_Perosn_ReID.html.","Submitted7 October, 2020;v1submitted 26 May, 2020;originally announcedMay 2020.",ACCV2020 Oral
EPSNet: Efficient Panoptic Segmentation Network with Cross-layer Attention Fusion,https://arxiv.org/abs/2003.10142,https://arxiv.org/pdf/2003.10142,"Chia-Yuan Chang, Shuo-En Chang, Pei-Yung Hsiao, Li-Chen Fu","Panoptic segmentation is a scene parsing task which unifies semantic segmentation and instance segmentation into one single task. However, the current state-of-the-art studies did not take too much concern on inference time. In this work, we propose an Efficient Panoptic Segmentation Network (EPSNet) to tackle the panoptic segmentation tasks with fast inference speed. Basically, EPSNet generates masks based on simple linear combination of prototype masks and mask coefficients. The light-weight network branches for instance segmentation and semantic segmentation only need to predict mask coefficients and produce masks with the shared prototypes predicted by prototype network branch. Furthermore, to enhance the quality of shared prototypes, we adopt a module called ""cross-layer attention fusion module"", which aggregates the multi-scale features with attention mechanism helping them capture the long-range dependencies between each other. To validate the proposed work, we have conducted various experiments on the challenging COCO panoptic dataset, which achieve highly promising performance with significantly faster inference speed (53ms on GPU).","Submitted24 December, 2020;v1submitted 23 March, 2020;originally announcedMarch 2020.",ACCV2020. Code is available at: https://github.com/neo85824/epsnet
Sparse Coding on Cascaded Residuals,https://arxiv.org/abs/1911.02749,https://arxiv.org/pdf/1911.02749,"Tong Zhang, Fatih Porikli","This paper seeks to combine dictionary learning and hierarchical image representation in a principled way. To make dictionary atoms capturing additional information from extended receptive fields and attain improved descriptive capacity, we present a two-pass multi-resolution cascade framework for dictionary learning and sparse coding. The cascade allows collaborative reconstructions at different resolutions using the same dimensional dictionary atoms. Our jointly learned dictionary comprises atoms that adapt to the information available at the coarsest layer where the support of atoms reaches their maximum range and the residual images where the supplementary details progressively refine the reconstruction objective. The residual at a layer is computed by the difference between the aggregated reconstructions of the previous layers and the downsampled original image at that layer. Our method generates more flexible and accurate representations using much less number of coefficients. Its computational efficiency stems from encoding at the coarsest resolution, which is minuscule, and encoding the residuals, which are relatively much sparse. Our extensive experiments on multiple datasets demonstrate that this new method is powerful in image coding, denoising, inpainting and artifact removal tasks outperforming the state-of-the-art techniques.","Submitted6 November, 2019;originally announcedNovember 2019.",ACCV2016
BitNet: Learning-Based Bit-Depth Expansion,https://arxiv.org/abs/1910.04397,https://arxiv.org/pdf/1910.04397,"Junyoung Byun, Kyujin Shim, Changick Kim","Bit-depth is the number of bits for each color channel of a pixel in an image. Although many modern displays support unprecedented higher bit-depth to show more realistic and natural colors with a high dynamic range, most media sources are still in bit-depth of 8 or lower. Since insufficient bit-depth may generate annoying false contours or lose detailed visual appearance, bit-depth expansion (BDE) from low bit-depth (LBD) images to high bit-depth (HBD) images becomes more and more important. In this paper, we adopt a learning-based approach for BDE and propose a novel CNN-based bit-depth expansion network (BitNet) that can effectively remove false contours and restore visual details at the same time. We have carefully designed our BitNet based on an encoder-decoder architecture with dilated convolutions and a novel multi-scale feature integration. We have performed various experiments with four different datasets including MIT-Adobe FiveK, Kodak, ESPL v2, and TESTIMAGES, and our proposed BitNet has achieved state-of-the-art performance in terms of PSNR and SSIM among other existing BDE methods and famous CNN-based image processing networks. Unlike previous methods that separately process each color channel, we treat all RGB channels at once and have greatly improved color restoration. In addition, our network has shown the fastest computational speed in near real-time.","Submitted10 October, 2019;originally announcedOctober 2019.","Accepted byACCV2018, Authors Byun and Shim contributed equally"
In Defense of LSTMs for Addressing Multiple Instance Learning Problems,https://arxiv.org/abs/1909.05690,https://arxiv.org/pdf/1909.05690,"Kaili Wang, Jose Oramas, Tinne Tuytelaars","LSTMs have a proven track record in analyzing sequential data. But what about unordered instance bags, as found under a Multiple Instance Learning (MIL) setting? While not often used for this, we show LSTMs excell under this setting too. In addition, we show thatLSTMs are capable of indirectly capturing instance-level information us-ing only bag-level annotations. Thus, they can be used to learn instance-level models in a weakly supervised manner. Our empirical evaluation on both simplified (MNIST) and realistic (Lookbook and Histopathology) datasets shows that LSTMs are competitive with or even surpass state-of-the-art methods specially designed for handling specific MIL problems. Moreover, we show that their performance on instance-level prediction is close to that of fully-supervised methods.","Submitted14 January, 2021;v1submitted 11 September, 2019;originally announcedSeptember 2019.",accepted inACCV2020 (oral)
Learning Rotation Adaptive Correlation Filters in Robust Visual Object Tracking,https://arxiv.org/abs/1906.01551,https://arxiv.org/pdf/1906.01551,"Litu Rout, Priya Mariam Raju, Deepak Mishra, Rama Krishna Sai Subrahmanyam Gorthi","Visual object tracking is one of the major challenges in the field of computer vision. Correlation Filter (CF) trackers are one of the most widely used categories in tracking. Though numerous tracking algorithms based on CFs are available today, most of them fail to efficiently detect the object in an unconstrained environment with dynamically changing object appearance. In order to tackle such challenges, the existing strategies often rely on a particular set of algorithms. Here, we propose a robust framework that offers the provision to incorporate illumination and rotation invariance in the standard Discriminative Correlation Filter (DCF) formulation. We also supervise the detection stage of DCF trackers by eliminating false positives in the convolution response map. Further, we demonstrate the impact of displacement consistency on CF trackers. The generality and efficiency of the proposed framework is illustrated by integrating our contributions into two state-of-the-art CF trackers: SRDCF and ECO. As per the comprehensive experiments on the VOT2016 dataset, our top trackers show substantial improvement of 14.7% and 6.41% in robustness, 11.4% and 1.71% in Average Expected Overlap (AEO) over the baseline SRDCF and ECO, respectively.","Submitted4 June, 2019;originally announcedJune 2019.",Published inACCV2018
PCA-RECT: An Energy-efficient Object Detection Approach for Event Cameras,https://arxiv.org/abs/1904.12665,https://arxiv.org/pdf/1904.12665,"Bharath Ramesh, Andres Ussa, Luca Della Vedova, Hong Yang, Garrick Orchard","We present the first purely event-based, energy-efficient approach for object detection and categorization using an event camera. Compared to traditional frame-based cameras, choosing event cameras results in high temporal resolution (order of microseconds), low power consumption (few hundred mW) and wide dynamic range (120 dB) as attractive properties. However, event-based object recognition systems are far behind their frame-based counterparts in terms of accuracy. To this end, this paper presents an event-based feature extraction method devised by accumulating local activity across the image frame and then applying principal component analysis (PCA) to the normalized neighborhood region. Subsequently, we propose a backtracking-free k-d tree mechanism for efficient feature matching by taking advantage of the low-dimensionality of the feature representation. Additionally, the proposed k-d tree mechanism allows for feature selection to obtain a lower-dimensional dictionary representation when hardware resources are limited to implement dimensionality reduction. Consequently, the proposed system can be realized on a field-programmable gate array (FPGA) device leading to high performance over resource ratio. The proposed system is tested on real-world event-based datasets for object categorization, showing superior classification performance and relevance to state-of-the-art algorithms. Additionally, we verified the object detection method and real-time FPGA performance in lab settings under non-controlled illumination conditions with limited training data and ground truth annotations.","Submitted24 April, 2019;originally announcedApril 2019.","Accepted inACCV2018 Workshops, to appear"
Universal Bounding Box Regression and Its Applications,https://arxiv.org/abs/1904.06805,https://arxiv.org/pdf/1904.06805,"Seungkwan Lee, Suha Kwak, Minsu Cho","Bounding-box regression is a popular technique to refine or predict localization boxes in recent object detection approaches. Typically, bounding-box regressors are trained to regress from either region proposals or fixed anchor boxes to nearby bounding boxes of a pre-defined target object classes. This paper investigates whether the technique is generalizable to unseen classes and is transferable to other tasks beyond supervised object detection. To this end, we propose a class-agnostic and anchor-free box regressor, dubbed Universal Bounding-Box Regressor (UBBR), which predicts a bounding box of the nearest object from any given box. Trained on a relatively small set of annotated images, UBBR successfully generalizes to unseen classes, and can be used to improve localization in many vision problems. We demonstrate its effectivenss on weakly supervised object detection and object discovery.","Submitted14 April, 2019;originally announcedApril 2019.",ACCV2018 accepted paper
Dual Generator Generative Adversarial Networks for Multi-Domain Image-to-Image Translation,https://arxiv.org/abs/1901.04604,https://arxiv.org/pdf/1901.04604,"Hao Tang, Dan Xu, Wei Wang, Yan Yan, Nicu Sebe","State-of-the-art methods for image-to-image translation with Generative Adversarial Networks (GANs) can learn a mapping from one domain to another domain using unpaired image data. However, these methods require the training of one specific model for every pair of image domains, which limits the scalability in dealing with more than two image domains. In addition, the training stage of these methods has the common problem of model collapse that degrades the quality of the generated images. To tackle these issues, we propose a Dual Generator Generative Adversarial Network (G$^2$GAN), which is a robust and scalable approach allowing to perform unpaired image-to-image translation for multiple domains using only dual generators within a single model. Moreover, we explore different optimization losses for better training of G$^2$GAN, and thus make unpaired image-to-image translation with higher consistency and better stability. Extensive experiments on six publicly available datasets with different scenarios, i.e., architectural buildings, seasons, landscape and human faces, demonstrate that the proposed G$^2$GAN achieves superior model capacity and better generation performance comparing with existing image-to-image translation GAN models.","Submitted14 January, 2019;originally announcedJanuary 2019.","16 pages, 7 figures, accepted toACCV2018"
Unseen Object Segmentation in Videos via Transferable Representations,https://arxiv.org/abs/1901.02444,https://arxiv.org/pdf/1901.02444,"Yi-Wen Chen, Yi-Hsuan Tsai, Chu-Ya Yang, Yen-Yu Lin, Ming-Hsuan Yang","In order to learn object segmentation models in videos, conventional methods require a large amount of pixel-wise ground truth annotations. However, collecting such supervised data is time-consuming and labor-intensive. In this paper, we exploit existing annotations in source images and transfer such visual information to segment videos with unseen object categories. Without using any annotations in the target video, we propose a method to jointly mine useful segments and learn feature representations that better adapt to the target frames. The entire process is decomposed into two tasks: 1) solving a submodular function for selecting object-like segments, and 2) learning a CNN model with a transferable module for adapting seen categories in the source domain to the unseen target video. We present an iterative update scheme between two tasks to self-learn the final solution for object segmentation. Experimental results on numerous benchmark datasets show that the proposed method performs favorably against the state-of-the-art algorithms.","Submitted8 January, 2019;originally announcedJanuary 2019.",Accepted inACCV'18 (oral). Code is available at https://github.com/wenz116/TransferSeg
Better Guider Predicts Future Better: Difference Guided Generative Adversarial Networks,https://arxiv.org/abs/1901.01649,https://arxiv.org/pdf/1901.01649,"Guohao Ying, Yingtian Zou, Lin Wan, Yiming Hu, Jiashi Feng","Predicting the future is a fantasy but practicality work. It is the key component to intelligent agents, such as self-driving vehicles, medical monitoring devices and robotics. In this work, we consider generating unseen future frames from previous obeservations, which is notoriously hard due to the uncertainty in frame dynamics. While recent works based on generative adversarial networks (GANs) made remarkable progress, there is still an obstacle for making accurate and realistic predictions. In this paper, we propose a novel GAN based on inter-frame difference to circumvent the difficulties. More specifically, our model is a multi-stage generative network, which is named the Difference Guided Generative Adversarial Netwok (DGGAN). The DGGAN learns to explicitly enforce future-frame predictions that is guided by synthetic inter-frame difference. Given a sequence of frames, DGGAN first uses dual paths to generate meta information. One path, called Coarse Frame Generator, predicts the coarse details about future frames, and the other path, called Difference Guide Generator, generates the difference image which include complementary fine details. Then our coarse details will then be refined via guidance of difference image under the support of GANs. With this model and novel architecture, we achieve state-of-the-art performance for future video prediction on UCF-101, KITTI.","Submitted6 January, 2019;originally announcedJanuary 2019.",To appear inACCV2018
Linear solution to the minimal absolute pose rolling shutter problem,https://arxiv.org/abs/1812.11532,https://arxiv.org/pdf/1812.11532,"Zuzana Kukelova, Cenek Albl, Akihiro Sugimoto, Tomas Pajdla","This paper presents new efficient solutions to the rolling shutter camera absolute pose problem. Unlike the state-of-the-art polynomial solvers, we approach the problem using simple and fast linear solvers in an iterative scheme. We present several solutions based on fixing different sets of variables and investigate the performance of them thoroughly. We design a new alternation strategy that estimates all parameters in each iteration linearly by fixing just the non-linear terms. Our best 6-point solver, based on the new alternation technique, shows an identical or even better performance than the state-of-the-art R6P solver and is two orders of magnitude faster. In addition, a linear non-iterative solver is presented that requires a non-minimal number of 9 correspondences but provides even better results than the state-of-the-art R6P. Moreover, all proposed linear solvers provide a single solution while the state-of-the-art R6P provides up to 20 solutions which have to be pruned by expensive verification.","Submitted30 December, 2018;originally announcedDecember 2018.",14th Asian Conference on Computer Vision (ACCV2018)
Skeleton Transformer Networks: 3D Human Pose and Skinned Mesh from Single RGB Image,https://arxiv.org/abs/1812.11328,https://arxiv.org/pdf/1812.11328,"Yusuke Yoshiyasu, Ryusuke Sagawa, Ko Ayusawa, Akihiko Murai","In this paper, we present Skeleton Transformer Networks (SkeletonNet), an end-to-end framework that can predict not only 3D joint positions but also 3D angular pose (bone rotations) of a human skeleton from a single color image. This in turn allows us to generate skinned mesh animations. Here, we propose a two-step regression approach. The first step regresses bone rotations in order to obtain an initial solution by considering skeleton structure. The second step performs refinement based on heatmap regressor using a 3D pose representation called cross heatmap which stacks heatmaps of xy and zy coordinates. By training the network using the proposed 3D human pose dataset that is comprised of images annotated with 3D skeletal angular poses, we showed that SkeletonNet can predict a full 3D human pose (joint positions and bone rotations) from a single image in-the-wild.","Submitted29 December, 2018;originally announcedDecember 2018.",ACCVconference
Exploring the Challenges towards Lifelong Fact Learning,https://arxiv.org/abs/1812.10524,https://arxiv.org/pdf/1812.10524,"Mohamed Elhoseiny, Francesca Babiloni, Rahaf Aljundi, Marcus Rohrbach, Manohar Paluri, Tinne Tuytelaars","So far life-long learning (LLL) has been studied in relatively small-scale and relatively artificial setups. Here, we introduce a new large-scale alternative. What makes the proposed setup more natural and closer to human-like visual systems is threefold: First, we focus on concepts (or facts, as we call them) of varying complexity, ranging from single objects to more complex structures such as objects performing actions, and objects interacting with other objects. Second, as in real-world settings, our setup has a long-tail distribution, an aspect which has mostly been ignored in the LLL context. Third, facts across tasks may share structure (e.g., <person, riding, wave> and <dog, riding, wave>). Facts can also be semantically related (e.g., ""liger"" relates to seen categories like ""tiger"" and ""lion""). Given the large number of possible facts, a LLL setup seems a natural choice. To avoid model size growing over time and to optimally exploit the semantic relations and structure, we combine it with a visual semantic embedding instead of discrete class labels. We adapt existing datasets with the properties mentioned above into new benchmarks, by dividing them semantically or randomly into disjoint tasks. This leads to two large-scale benchmarks with 906,232 images and 165,150 unique facts, on which we evaluate and analyze state-of-the-art LLL methods.","Submitted26 December, 2018;originally announcedDecember 2018.",This work got published atACCV2018 as a main conference paper
GD-GAN: Generative Adversarial Networks for Trajectory Prediction and Group Detection in Crowds,https://arxiv.org/abs/1812.07667,https://arxiv.org/pdf/1812.07667,"Tharindu Fernando, Simon Denman, Sridha Sridharan, Clinton Fookes","This paper presents a novel deep learning framework for human trajectory prediction and detecting social group membership in crowds. We introduce a generative adversarial pipeline which preserves the spatio-temporal structure of the pedestrian's neighbourhood, enabling us to extract relevant attributes describing their social identity. We formulate the group detection task as an unsupervised learning problem, obviating the need for supervised learning of group memberships via hand labeled databases, allowing us to directly employ the proposed framework in different surveillance settings. We evaluate the proposed trajectory prediction and group detection frameworks on multiple public benchmarks, and for both tasks the proposed method demonstrates its capability to better anticipate human sociological behaviour compared to the existing state-of-the-art methods.","Submitted18 December, 2018;originally announcedDecember 2018.",Appeared inACCV2108
Multi-Level Sequence GAN for Group Activity Recognition,https://arxiv.org/abs/1812.07124,https://arxiv.org/pdf/1812.07124,"Harshala Gammulle, Simon Denman, Sridha Sridharan, Clinton Fookes","We propose a novel semi-supervised, Multi-Level Sequential Generative Adversarial Network (MLS-GAN) architecture for group activity recognition. In contrast to previous works which utilise manually annotated individual human action predictions, we allow the models to learn it's own internal representations to discover pertinent sub-activities that aid the final group activity recognition task. The generator is fed with person-level and scene-level features that are mapped temporally through LSTM networks. Action-based feature fusion is performed through novel gated fusion units that are able to consider long-term dependencies, exploring the relationships among all individual actions, to learn an intermediate representation or `action code' for the current group activity. The network achieves its semi-supervised behaviour by allowing it to perform group action classification together with the adversarial real/fake validation. We perform extensive evaluations on different architectural variants to demonstrate the importance of the proposed architecture. Furthermore, we show that utilising both person-level and scene-level features facilitates the group activity prediction better than using only person-level features. Our proposed architecture outperforms current state-of-the-art results for sports and pedestrian based classification tasks on Volleyball and Collective Activity datasets, showing it's flexible nature for effective learning of group activities.","Submitted17 December, 2018;originally announcedDecember 2018.",Published inACCV18
Simultaneous Recognition of Horizontal and Vertical Text in Natural Images,https://arxiv.org/abs/1812.07059,https://arxiv.org/pdf/1812.07059,"Chankyu Choi, Youngmin Yoon, Junsu Lee, Junseok Kim","Recent state-of-the-art scene text recognition methods have primarily focused on horizontal text in images. However, in several Asian countries, including China, large amounts of text in signs, books, and TV commercials are vertically directed. Because the horizontal and vertical texts exhibit different characteristics, developing an algorithm that can simultaneously recognize both types of text in real environments is necessary. To address this problem, we adopted the direction encoding mask (DEM) and selective attention network (SAN) methods based on supervised learning. DEM contains directional information to compensate in cases that lack text direction; therefore, our network is trained using this information to handle the vertical text. The SAN method is designed to work individually for both types of text. To train the network to recognize both types of text and to evaluate the effectiveness of the designed model, we prepared a new synthetic vertical text dataset and collected an actual vertical text dataset (VTD142) from the Web. Using these datasets, we proved that our proposed model can accurately recognize both vertical and horizontal text and can achieve state-of-the-art results in experiments using benchmark datasets, including the street view test (SVT), IIIT-5k, and ICDAR. Although our model is relatively simple as compared to its predecessors, it maintains the accuracy and is trained in an end-to-end manner.","Submitted5 December, 2018;originally announcedDecember 2018.",Presented at the IWRR workshop atACCV2018
Coarse-to-fine: A RNN-based hierarchical attention model for vehicle re-identification,https://arxiv.org/abs/1812.04239,https://arxiv.org/pdf/1812.04239,"Xiu-Shen Wei, Chen-Lin Zhang, Lingqiao Liu, Chunhua Shen, Jianxin Wu","Vehicle re-identification is an important problem and becomes desirable with the rapid expansion of applications in video surveillance and intelligent transportation. By recalling the identification process of human vision, we are aware that there exists a native hierarchical dependency when humans identify different vehicles. Specifically, humans always firstly determine one vehicle's coarse-grained category, i.e., the car model/type. Then, under the branch of the predicted car model/type, they are going to identify specific vehicles by relying on subtle visual cues, e.g., customized paintings and windshield stickers, at the fine-grained level. Inspired by the coarse-to-fine hierarchical process, we propose an end-to-end RNN-based Hierarchical Attention (RNN-HA) classification model for vehicle re-identification. RNN-HA consists of three mutually coupled modules: the first module generates image representations for vehicle images, the second hierarchical module models the aforementioned hierarchical dependent relationship, and the last attention module focuses on capturing the subtle visual information distinguishing specific vehicles from each other. By conducting comprehensive experiments on two vehicle re-identification benchmark datasets VeRi and VehicleID, we demonstrate that the proposed model achieves superior performance over state-of-the-art methods.","Submitted11 December, 2018;originally announcedDecember 2018.",ACCV2018
Loss Guided Activation for Action Recognition in Still Images,https://arxiv.org/abs/1812.04194,https://arxiv.org/pdf/1812.04194,"Lu Liu, Robby T. Tan, Shaodi You","One significant problem of deep-learning based human action recognition is that it can be easily misled by the presence of irrelevant objects or backgrounds. Existing methods commonly address this problem by employing bounding boxes on the target humans as part of the input, in both training and testing stages. This requirement of bounding boxes as part of the input is needed to enable the methods to ignore irrelevant contexts and extract only human features. However, we consider this solution is inefficient, since the bounding boxes might not be available. Hence, instead of using a person bounding box as an input, we introduce a human-mask loss to automatically guide the activations of the feature maps to the target human who is performing the action, and hence suppress the activations of misleading contexts. We propose a multi-task deep learning method that jointly predicts the human action class and human location heatmap. Extensive experiments demonstrate our approach is more robust compared to the baseline methods under the presence of irrelevant misleading contexts. Our method achieves 94.06\% and 40.65\% (in terms of mAP) on Stanford40 and MPII dataset respectively, which are 3.14\% and 12.6\% relative improvements over the best results reported in the literature, and thus set new state-of-the-art results. Additionally, unlike some existing methods, we eliminate the requirement of using a person bounding box as an input during testing.","Submitted10 December, 2018;originally announcedDecember 2018.",Accepted to appear inACCV2018
Neural Abstract Style Transfer for Chinese Traditional Painting,https://arxiv.org/abs/1812.03264,https://arxiv.org/pdf/1812.03264,"Bo Li, Caiming Xiong, Tianfu Wu, Yu Zhou, Lun Zhang, Rufeng Chu","Chinese traditional painting is one of the most historical artworks in the world. It is very popular in Eastern and Southeast Asia due to being aesthetically appealing. Compared with western artistic painting, it is usually more visually abstract and textureless. Recently, neural network based style transfer methods have shown promising and appealing results which are mainly focused on western painting. It remains a challenging problem to preserve abstraction in neural style transfer. In this paper, we present a Neural Abstract Style Transfer method for Chinese traditional painting. It learns to preserve abstraction and other style jointly end-to-end via a novel MXDoG-guided filter (Modified version of the eXtended Difference-of-Gaussians) and three fully differentiable loss terms. To the best of our knowledge, there is little work study on neural style transfer of Chinese traditional painting. To promote research on this direction, we collect a new dataset with diverse photo-realistic images and Chinese traditional paintings. In experiments, the proposed method shows more appealing stylized results in transferring the style of Chinese traditional painting than state-of-the-art neural style transfer methods.","Submitted12 December, 2018;v1submitted 7 December, 2018;originally announcedDecember 2018.",Conference:ACCV2018. Project Page: https://github.com/lbsswu/Chinese_style_transfer
"PIRC Net : Using Proposal Indexing, Relationships and Context for Phrase Grounding",https://arxiv.org/abs/1812.03213,https://arxiv.org/pdf/1812.03213,"Rama Kovvuri, Ram Nevatia","Phrase Grounding aims to detect and localize objects in images that are referred to and are queried by natural language phrases. Phrase grounding finds applications in tasks such as Visual Dialog, Visual Search and Image-text co-reference resolution. In this paper, we present a framework that leverages information such as phrase category, relationships among neighboring phrases in a sentence and context to improve the performance of phrase grounding systems. We propose three modules: Proposal Indexing Network(PIN); Inter-phrase Regression Network(IRN) and Proposal Ranking Network(PRN) each of which analyze the region proposals of an image at increasing levels of detail by incorporating the above information. Also, in the absence of ground-truth spatial locations of the phrases(weakly-supervised), we propose knowledge transfer mechanisms that leverages the framework of PIN module. We demonstrate the effectiveness of our approach on the Flickr 30k Entities and ReferItGame datasets, for which we achieve improvements over state-of-the-art approaches in both supervised and weakly-supervised variants.","Submitted7 December, 2018;originally announcedDecember 2018.",Accepted inACCV2018
Deep Embedding using Bayesian Risk Minimization with Application to Sketch Recognition,https://arxiv.org/abs/1812.02466,https://arxiv.org/pdf/1812.02466,"Anand Mishra, Ajeet Kumar Singh","In this paper, we address the problem of hand-drawn sketch recognition. Inspired by the Bayesian decision theory, we present a deep metric learning loss with the objective to minimize the Bayesian risk of misclassification. We estimate this risk for every mini-batch during training, and learn robust deep embeddings by backpropagating it to a deep neural network in an end-to-end trainable paradigm. Our learnt embeddings are discriminative and robust despite of intra-class variations and inter-class similarities naturally present in hand-drawn sketch images. Outperforming the state of the art on sketch recognition, our method achieves 82.2% and 88.7% on TU-Berlin-250 and TU-Berlin-160 benchmarks respectively.","Submitted6 December, 2018;originally announcedDecember 2018.",Accepted atACCV2018
Understanding Individual Decisions of CNNs via Contrastive Backpropagation,https://arxiv.org/abs/1812.02100,https://arxiv.org/pdf/1812.02100,"Jindong Gu, Yinchong Yang, Volker Tresp","A number of backpropagation-based approaches such as DeConvNets, vanilla Gradient Visualization and Guided Backpropagation have been proposed to better understand individual decisions of deep convolutional neural networks. The saliency maps produced by them are proven to be non-discriminative. Recently, the Layer-wise Relevance Propagation (LRP) approach was proposed to explain the classification decisions of rectifier neural networks. In this work, we evaluate the discriminativeness of the generated explanations and analyze the theoretical foundation of LRP, i.e. Deep Taylor Decomposition. The experiments and analysis conclude that the explanations generated by LRP are not class-discriminative. Based on LRP, we propose Contrastive Layer-wise Relevance Propagation (CLRP), which is capable of producing instance-specific, class-discriminative, pixel-wise explanations. In the experiments, we use the CLRP to explain the decisions and understand the difference between neurons in individual classification decisions. We also evaluate the explanations quantitatively with a Pointing Game and an ablation study. Both qualitative and quantitative evaluations show that the CLRP generates better explanations than the LRP. The code is available.","Submitted2 September, 2019;v1submitted 5 December, 2018;originally announcedDecember 2018.","16 pages, 5 figures,ACCV"
Knowledge Distillation with Feature Maps for Image Classification,https://arxiv.org/abs/1812.00660,https://arxiv.org/pdf/1812.00660,"Wei-Chun Chen, Chia-Che Chang, Chien-Yu Lu, Che-Rung Lee","The model reduction problem that eases the computation costs and latency of complex deep learning architectures has received an increasing number of investigations owing to its importance in model deployment. One promising method is knowledge distillation (KD), which creates a fast-to-execute student model to mimic a large teacher network. In this paper, we propose a method, called KDFM (Knowledge Distillation with Feature Maps), which improves the effectiveness of KD by learning the feature maps from the teacher network. Two major techniques used in KDFM are shared classifier and generative adversarial network. Experimental results show that KDFM can use a four layers CNN to mimic DenseNet-40 and use MobileNet to mimic DenseNet-100. Both student networks have less than 1\% accuracy loss comparing to their teacher models for CIFAR-100 datasets. The student networks are 2-6 times faster than their teacher models for inference, and the model size of MobileNet is less than half of DenseNet-100's.","Submitted3 December, 2018;originally announcedDecember 2018.","Knowledge Distillation, Model Compression, and Generative Adversarial Network,ACCV2018"
CubemapSLAM: A Piecewise-Pinhole Monocular Fisheye SLAM System,https://arxiv.org/abs/1811.12633,https://arxiv.org/pdf/1811.12633,"Yahui Wang, Shaojun Cai, Shi-Jie Li, Yun Liu, Yangyan Guo, Tao Li, Ming-Ming Cheng","We present a real-time feature-based SLAM (Simultaneous Localization and Mapping) system for fisheye cameras featured by a large field-of-view (FoV). Large FoV cameras are beneficial for large-scale outdoor SLAM applications, because they increase visual overlap between consecutive frames and capture more pixels belonging to the static parts of the environment. However, current feature-based SLAM systems such as PTAM and ORB-SLAM limit their camera model to pinhole only. To compensate for the vacancy, we propose a novel SLAM system with the cubemap model that utilizes the full FoV without introducing distortion from the fisheye lens, which greatly benefits the feature matching pipeline. In the initialization and point triangulation stages, we adopt a unified vector-based representation to efficiently handle matches across multiple faces, and based on this representation we propose and analyze a novel inlier checking metric. In the optimization stage, we design and test a novel multi-pinhole reprojection error metric that outperforms other metrics by a large margin. We evaluate our system comprehensively on a public dataset as well as a self-collected dataset that contains real-world challenging sequences. The results suggest that our system is more robust and accurate than other feature-based fisheye SLAM approaches. The CubemapSLAM system has been released into the public domain.","Submitted27 February, 2019;v1submitted 30 November, 2018;originally announcedNovember 2018.",The paper has been accepted byACCV2018
Shape-conditioned Image Generation by Learning Latent Appearance Representation from Unpaired Data,https://arxiv.org/abs/1811.11991,https://arxiv.org/pdf/1811.11991,"Yutaro Miyauchi, Yusuke Sugano, Yasuyuki Matsushita","Conditional image generation is effective for diverse tasks including training data synthesis for learning-based computer vision. However, despite the recent advances in generative adversarial networks (GANs), it is still a challenging task to generate images with detailed conditioning on object shapes. Existing methods for conditional image generation use category labels and/or keypoints and are only give limited control over object categories. In this work, we present SCGAN, an architecture to generate images with a desired shape specified by an input normal map. The shape-conditioned image generation task is achieved by explicitly modeling the image appearance via a latent appearance vector. The network is trained using unpaired training samples of real images and rendered normal maps. This approach enables us to generate images of arbitrary object categories with the target shape and diverse image appearances. We show the effectiveness of our method through both qualitative and quantitative evaluation on training data generation tasks.","Submitted29 November, 2018;originally announcedNovember 2018.",Accepted atACCV2018
Matchable Image Retrieval by Learning from Surface Reconstruction,https://arxiv.org/abs/1811.10343,https://arxiv.org/pdf/1811.10343,"Tianwei Shen, Zixin Luo, Lei Zhou, Runze Zhang, Siyu Zhu, Tian Fang, Long Quan","Convolutional Neural Networks (CNNs) have achieved superior performance on object image retrieval, while Bag-of-Words (BoW) models with handcrafted local features still dominate the retrieval of overlapping images in 3D reconstruction. In this paper, we narrow down this gap by presenting an efficient CNN-based method to retrieve images with overlaps, which we refer to as the matchable image retrieval problem. Different from previous methods that generates training data based on sparse reconstruction, we create a large-scale image database with rich 3D geometrics and exploit information from surface reconstruction to obtain fine-grained training data. We propose a batched triplet-based loss function combined with mesh re-projection to effectively learn the CNN representation. The proposed method significantly accelerates the image retrieval process in 3D reconstruction and outperforms the state-of-the-art CNN-based and BoW methods for matchable image retrieval. The code and data are available at https://github.com/hlzz/mirror.","Submitted10 December, 2018;v1submitted 26 November, 2018;originally announcedNovember 2018.",accepted byACCV2018
Guided Feature Selection for Deep Visual Odometry,https://arxiv.org/abs/1811.09935,https://arxiv.org/pdf/1811.09935,"Fei Xue, Qiuyuan Wang, Xin Wang, Wei Dong, Junqiu Wang, Hongbin Zha","We present a novel end-to-end visual odometry architecture with guided feature selection based on deep convolutional recurrent neural networks. Different from current monocular visual odometry methods, our approach is established on the intuition that features contribute discriminately to different motion patterns. Specifically, we propose a dual-branch recurrent network to learn the rotation and translation separately by leveraging current Convolutional Neural Network (CNN) for feature representation and Recurrent Neural Network (RNN) for image sequence reasoning. To enhance the ability of feature selection, we further introduce an effective context-aware guidance mechanism to force each branch to distill related information for specific motion pattern explicitly. Experiments demonstrate that on the prevalent KITTI and ICL_NUIM benchmarks, our method outperforms current state-of-the-art model- and learning-based methods for both decoupled and joint camera pose recovery.","Submitted24 November, 2018;originally announcedNovember 2018.",Accepted toACCV2018
"AttentionMask: Attentive, Efficient Object Proposal Generation Focusing on Small Objects",https://arxiv.org/abs/1811.08728,https://arxiv.org/pdf/1811.08728,"Christian Wilms, Simone Frintrop","We propose a novel approach for class-agnostic object proposal generation, which is efficient and especially well-suited to detect small objects. Efficiency is achieved by scale-specific objectness attention maps which focus the processing on promising parts of the image and reduce the amount of sampled windows strongly. This leads to a system, which is $33\%$ faster than the state-of-the-art and clearly outperforming state-of-the-art in terms of average recall. Secondly, we add a module for detecting small objects, which are often missed by recent models. We show that this module improves the average recall for small objects by about $53\%$.","Submitted21 November, 2018;originally announcedNovember 2018.",Accepted atACCV2018. Code is available at https://github.com/chwilms/AttentionMask
Creatures great and SMAL: Recovering the shape and motion of animals from video,https://arxiv.org/abs/1811.05804,https://arxiv.org/pdf/1811.05804,"Benjamin Biggs, Thomas Roddick, Andrew Fitzgibbon, Roberto Cipolla","We present a system to recover the 3D shape and motion of a wide variety of quadrupeds from video. The system comprises a machine learning front-end which predicts candidate 2D joint positions, a discrete optimization which finds kinematically plausible joint correspondences, and an energy minimization stage which fits a detailed 3D model to the image. In order to overcome the limited availability of motion capture training data from animals, and the difficulty of generating realistic synthetic training images, the system is designed to work on silhouette data. The joint candidate predictor is trained on synthetically generated silhouette images, and at test time, deep learning methods or standard video segmentation tools are used to extract silhouettes from real data. The system is tested on animal videos from several species, and shows accurate reconstructions of 3D shape and pose.","Submitted14 November, 2018;originally announcedNovember 2018.","17 pages,ACCV2018 oral paper"
Self-Supervised Learning of Depth and Camera Motion from 360° Videos,https://arxiv.org/abs/1811.05304,https://arxiv.org/pdf/1811.05304,"Fu-En Wang, Hou-Ning Hu, Hsien-Tzu Cheng, Juan-Ting Lin, Shang-Ta Yang, Meng-Li Shih, Hung-Kuo Chu, Min Sun","As 360° cameras become prevalent in many autonomous systems (e.g., self-driving cars and drones), efficient 360° perception becomes more and more important. We propose a novel self-supervised learning approach for predicting the omnidirectional depth and camera motion from a 360° video. In particular, starting from the SfMLearner, which is designed for cameras with normal field-of-view, we introduce three key features to process 360° images efficiently. Firstly, we convert each image from equirectangular projection to cubic projection in order to avoid image distortion. In each network layer, we use Cube Padding (CP), which pads intermediate features from adjacent faces, to avoid image boundaries. Secondly, we propose a novel ""spherical"" photometric consistency constraint on the whole viewing sphere. In this way, no pixel will be projected outside the image boundary which typically happens in images with normal field-of-view. Finally, rather than naively estimating six independent camera motions (i.e., naively applying SfM-Learner to each face on a cube), we propose a novel camera pose consistency loss to ensure the estimated camera motions reaching consensus. To train and evaluate our approach, we collect a new PanoSUNCG dataset containing a large amount of 360° videos with groundtruth depth and camera motion. Our approach achieves state-of-the-art depth prediction and camera motion estimation on PanoSUNCG with faster inference speed comparing to equirectangular. In real-world indoor videos, our approach can also achieve qualitatively reasonable depth prediction by acquiring model pre-trained on PanoSUNCG.","Submitted13 November, 2018;originally announcedNovember 2018.",ACCV2018 Oral
Embedded polarizing filters to separate diffuse and specular reflection,https://arxiv.org/abs/1811.02608,https://arxiv.org/pdf/1811.02608,"Laurent Valentin Jospin, Gilles Baechler, Adam Scholefield","Polarizing filters provide a powerful way to separate diffuse and specular reflection; however, traditional methods rely on several captures and require proper alignment of the filters. Recently, camera manufacturers have proposed to embed polarizing micro-filters in front of the sensor, creating a mosaic of pixels with different polarizations. In this paper, we investigate the advantages of such camera designs. In particular, we consider different design patterns for the filter arrays and propose an algorithm to demosaic an image generated by such cameras. This essentially allows us to separate the diffuse and specular components using a single image. The performance of our algorithm is compared with a color-based method using synthetic and real data. Finally, we demonstrate how we can recover the normals of a scene using the diffuse images estimated by our method.","Submitted6 November, 2018;originally announcedNovember 2018.",ACCV2018
DSNet: Deep and Shallow Feature Learning for Efficient Visual Tracking,https://arxiv.org/abs/1811.02208,https://arxiv.org/pdf/1811.02208,"Qiangqiang Wu, Yan Yan, Yanjie Liang, Yi Liu, Hanzi Wang","In recent years, Discriminative Correlation Filter (DCF) based tracking methods have achieved great success in visual tracking. However, the multi-resolution convolutional feature maps trained from other tasks like image classification, cannot be naturally used in the conventional DCF formulation. Furthermore, these high-dimensional feature maps significantly increase the tracking complexity and thus limit the tracking speed. In this paper, we present a deep and shallow feature learning network, namely DSNet, to learn the multi-level same-resolution compressed (MSC) features for efficient online tracking, in an end-to-end offline manner. Specifically, the proposed DSNet compresses multi-level convolutional features to uniform spatial resolution features. The learned MSC features effectively encode both appearance and semantic information of objects in the same-resolution feature maps, thus enabling an elegant combination of the MSC features with any DCF-based methods. Additionally, a channel reliability measurement (CRM) method is presented to further refine the learned MSC features. We demonstrate the effectiveness of the MSC features learned from the proposed DSNet on two DCF tracking frameworks: the basic DCF framework and the continuous convolution operator framework. Extensive experiments show that the learned MSC features have the appealing advantage of allowing the equipped DCF-based tracking methods to perform favorably against the state-of-the-art methods while running at high frame rates.","Submitted6 November, 2018;originally announcedNovember 2018.","To appear atACCV2018. 14 pages, 8 figures"
Unsupervised RGBD Video Object Segmentation Using GANs,https://arxiv.org/abs/1811.01526,https://arxiv.org/pdf/1811.01526,"Maryam Sultana, Arif Mahmood, Sajid Javed, Soon Ki Jung","Video object segmentation is a fundamental step in many advanced vision applications. Most existing algorithms are based on handcrafted features such as HOG, super-pixel segmentation or texture-based techniques, while recently deep features have been found to be more efficient. Existing algorithms observe performance degradation in the presence of challenges such as illumination variations, shadows, and color camouflage. To handle these challenges we propose a fusion based moving object segmentation algorithm which exploits color as well as depth information using GAN to achieve more accuracy. Our goal is to segment moving objects in the presence of challenging background scenes, in real environments. To address this problem, GAN is trained in an unsupervised manner on color and depth information independently with challenging video sequences. During testing, the trained GAN generates backgrounds similar to that in the test sample. The generated background samples are then compared with the test sample to segment moving objects. The final result is computed by fusion of object boundaries in both modalities, RGB and the depth. The comparison of our proposed algorithm with five state-of-the-art methods on publicly available dataset has shown the strength of our algorithm for moving object segmentation in videos in the presence of challenging real scenarios.","Submitted5 November, 2018;originally announcedNovember 2018.","15 pages, 3 figures,ACCVworkshop on RGB-D-sensing and understanding via combined colour and depth"
Scalable Deep $k$-Subspace Clustering,https://arxiv.org/abs/1811.01045,https://arxiv.org/pdf/1811.01045,"Tong Zhang, Pan Ji, Mehrtash Harandi, Richard Hartley, Ian Reid","Subspace clustering algorithms are notorious for their scalability issues because building and processing large affinity matrices are demanding. In this paper, we introduce a method that simultaneously learns an embedding space along subspaces within it to minimize a notion of reconstruction error, thus addressing the problem of subspace clustering in an end-to-end learning paradigm. To achieve our goal, we propose a scheme to update subspaces within a deep neural network. This in turn frees us from the need of having an affinity matrix to perform clustering. Unlike previous attempts, our method can easily scale up to large datasets, making it unique in the context of unsupervised learning with deep architectures. Our experiments show that our method significantly improves the clustering accuracy while enjoying cheaper memory footprints.","Submitted2 November, 2018;originally announcedNovember 2018.",To appear inACCV2018
Dealing with Ambiguity in Robotic Grasping via Multiple Predictions,https://arxiv.org/abs/1811.00793,https://arxiv.org/pdf/1811.00793,"Ghazal Ghazaei, Iro Laina, Christian Rupprecht, Federico Tombari, Nassir Navab, Kianoush Nazarpour","Humans excel in grasping and manipulating objects because of their life-long experience and knowledge about the 3D shape and weight distribution of objects. However, the lack of such intuition in robots makes robotic grasping an exceptionally challenging task. There are often several equally viable options of grasping an object. However, this ambiguity is not modeled in conventional systems that estimate a single, optimal grasp position. We propose to tackle this problem by simultaneously estimating multiple grasp poses from a single RGB image of the target object. Further, we reformulate the problem of robotic grasping by replacing conventional grasp rectangles with grasp belief maps, which hold more precise location information than a rectangle and account for the uncertainty inherent to the task. We augment a fully convolutional neural network with a multiple hypothesis prediction model that predicts a set of grasp hypotheses in under 60ms, which is critical for real-time robotic applications. The grasp detection accuracy reaches over 90% for unseen objects, outperforming the current state of the art on this task.","Submitted2 November, 2018;originally announcedNovember 2018.",ACCV2018
Stochastic Normalizations as Bayesian Learning,https://arxiv.org/abs/1811.00639,https://arxiv.org/pdf/1811.00639,"Alexander Shekhovtsov, Boris Flach","In this work we investigate the reasons why Batch Normalization (BN) improves the generalization performance of deep networks. We argue that one major reason, distinguishing it from data-independent normalization methods, is randomness of batch statistics. This randomness appears in the parameters rather than in activations and admits an interpretation as a practical Bayesian learning. We apply this idea to other (deterministic) normalization techniques that are oblivious to the batch size. We show that their generalization performance can be improved significantly by Bayesian learning of the same form. We obtain test performance comparable to BN and, at the same time, better validation losses suitable for subsequent output uncertainty estimation through approximate Bayesian posterior.","Submitted1 November, 2018;originally announcedNovember 2018.",Accepted toACCV2018
Visual Re-ranking with Natural Language Understanding for Text Spotting,https://arxiv.org/abs/1810.12738,https://arxiv.org/pdf/1810.12738,"Ahmed Sabir, Francesc Moreno-Noguer, Lluís Padró","Many scene text recognition approaches are based on purely visual information and ignore the semantic relation between scene and text. In this paper, we tackle this problem from natural language processing perspective to fill the gap between language and vision. We propose a post-processing approach to improve scene text recognition accuracy by using occurrence probabilities of words (unigram language model), and the semantic correlation between scene and text. For this, we initially rely on an off-the-shelf deep neural network, already trained with a large amount of data, which provides a series of text hypotheses per input image. These hypotheses are then re-ranked using word frequencies and semantic relatedness with objects or scenes in the image. As a result of this combination, the performance of the original network is boosted with almost no additional cost. We validate our approach on ICDAR'17 dataset.","Submitted29 October, 2018;originally announcedOctober 2018.",Accepted byACCV2018. arXiv admin note: substantial text overlap with arXiv:1810.09776
Gated Hierarchical Attention for Image Captioning,https://arxiv.org/abs/1810.12535,https://arxiv.org/pdf/1810.12535,"Qingzhong Wang, Antoni B. Chan","Attention modules connecting encoder and decoders have been widely applied in the field of object recognition, image captioning, visual question answering and neural machine translation, and significantly improves the performance. In this paper, we propose a bottom-up gated hierarchical attention (GHA) mechanism for image captioning. Our proposed model employs a CNN as the decoder which is able to learn different concepts at different layers, and apparently, different concepts correspond to different areas of an image. Therefore, we develop the GHA in which low-level concepts are merged into high-level concepts and simultaneously low-level attended features pass to the top to make predictions. Our GHA significantly improves the performance of the model that only applies one level attention, for example, the CIDEr score increases from 0.923 to 0.999, which is comparable to the state-of-the-art models that employ attributes boosting and reinforcement learning (RL). We also conduct extensive experiments to analyze the CNN decoder and our proposed GHA, and we find that deeper decoders cannot obtain better performance, and when the convolutional decoder becomes deeper the model is likely to collapse during training.","Submitted31 October, 2018;v1submitted 30 October, 2018;originally announcedOctober 2018.",Accepted byACCV
Random Temporal Skipping for Multirate Video Analysis,https://arxiv.org/abs/1810.12522,https://arxiv.org/pdf/1810.12522,"Yi Zhu, Shawn Newsam","Current state-of-the-art approaches to video understanding adopt temporal jittering to simulate analyzing the video at varying frame rates. However, this does not work well for multirate videos, in which actions or subactions occur at different speeds. The frame sampling rate should vary in accordance with the different motion speeds. In this work, we propose a simple yet effective strategy, termed random temporal skipping, to address this situation. This strategy effectively handles multirate videos by randomizing the sampling rate during training. It is an exhaustive approach, which can potentially cover all motion speed variations. Furthermore, due to the large temporal skipping, our network can see video clips that originally cover over 100 frames. Such a time range is enough to analyze most actions/events. We also introduce an occlusion-aware optical flow learning method that generates improved motion maps for human action recognition. Our framework is end-to-end trainable, runs in real-time, and achieves state-of-the-art performance on six widely adopted video benchmarks.","Submitted30 October, 2018;originally announcedOctober 2018.",Accepted atACCV2018. Camera ready
Gated Transfer Network for Transfer Learning,https://arxiv.org/abs/1810.12521,https://arxiv.org/pdf/1810.12521,"Yi Zhu, Jia Xue, Shawn Newsam","Deep neural networks have led to a series of breakthroughs in computer vision given sufficient annotated training datasets. For novel tasks with limited labeled data, the prevalent approach is to transfer the knowledge learned in the pre-trained models to the new tasks by fine-tuning. Classic model fine-tuning utilizes the fact that well trained neural networks appear to learn cross domain features. These features are treated equally during transfer learning. In this paper, we explore the impact of feature selection in model fine-tuning by introducing a transfer module, which assigns weights to features extracted from pre-trained models. The proposed transfer module proves the importance of feature selection for transferring models from source to target domains. It is shown to significantly improve upon fine-tuning results with only marginal extra computational cost. We also incorporate an auxiliary classifier as an extra regularizer to avoid over-fitting. Finally, we build a Gated Transfer Network (GTN) based on our transfer module and achieve state-of-the-art results on six different tasks.","Submitted30 October, 2018;originally announcedOctober 2018.",Accepted atACCV2018. Camera ready
Scale Estimation of Monocular SfM for a Multi-modal Stereo Camera,https://arxiv.org/abs/1810.11856,https://arxiv.org/pdf/1810.11856,"Shinya Sumikura, Ken Sakurada, Nobuo Kawaguchi, Ryosuke Nakamura","This paper proposes a novel method of estimating the absolute scale of monocular SfM for a multi-modal stereo camera. In the fields of computer vision and robotics, scale estimation for monocular SfM has been widely investigated in order to simplify systems. This paper addresses the scale estimation problem for a stereo camera system in which two cameras capture different spectral images (e.g., RGB and FIR), whose feature points are difficult to directly match using descriptors. Furthermore, the number of matching points between FIR images can be comparatively small, owing to the low resolution and lack of thermal scene texture. To cope with these difficulties, the proposed method estimates the scale parameter using batch optimization, based on the epipolar constraint of a small number of feature correspondences between the invisible light images. The accuracy and numerical stability of the proposed method are verified by synthetic and real image experiments.","Submitted28 October, 2018;originally announcedOctober 2018.","Accepted toACCV2018, please see the additional results here: http://youtu.be/xOLtvMZJseU"
Cascaded Pyramid Mining Network for Weakly Supervised Temporal Action Localization,https://arxiv.org/abs/1810.11794,https://arxiv.org/pdf/1810.11794,"Haisheng Su, Xu Zhao, Tianwei Lin","Weakly supervised temporal action localization, which aims at temporally locating action instances in untrimmed videos using only video-level class labels during training, is an important yet challenging problem in video analysis. Many current methods adopt the ""localization by classification"" framework: first do video classification, then locate temporal area contributing to the results most. However, this framework fails to locate the entire action instances and gives little consideration to the local context. In this paper, we present a novel architecture called Cascaded Pyramid Mining Network (CPMN) to address these issues using two effective modules. First, to discover the entire temporal interval of specific action, we design a two-stage cascaded module with proposed Online Adversarial Erasing (OAE) mechanism, where new and complementary regions are mined through feeding the erased feature maps of discovered regions back to the system. Second, to exploit hierarchical contextual information in videos and reduce missing detections, we design a pyramid module which produces a scale-invariant attention map through combining the feature maps from different levels. Final, we aggregate the results of two modules to perform action localization via locating high score areas in temporal Class Activation Sequence (CAS). Extensive experiments conducted on THUMOS14 and ActivityNet-1.3 datasets demonstrate the effectiveness of our method.","Submitted28 October, 2018;originally announcedOctober 2018.",Accepted atACCV2018
GhostVLAD for set-based face recognition,https://arxiv.org/abs/1810.09951,https://arxiv.org/pdf/1810.09951,"Yujie Zhong, Relja Arandjelović, Andrew Zisserman","The objective of this paper is to learn a compact representation of image sets for template-based face recognition. We make the following contributions: first, we propose a network architecture which aggregates and embeds the face descriptors produced by deep convolutional neural networks into a compact fixed-length representation. This compact representation requires minimal memory storage and enables efficient similarity computation. Second, we propose a novel GhostVLAD layer that includes {\em ghost clusters}, that do not contribute to the aggregation. We show that a quality weighting on the input faces emerges automatically such that informative images contribute more than those with low quality, and that the ghost clusters enhance the network's ability to deal with poor quality images. Third, we explore how input feature dimension, number of clusters and different training techniques affect the recognition performance. Given this analysis, we train a network that far exceeds the state-of-the-art on the IJB-B face recognition dataset. This is currently one of the most challenging public benchmarks, and we surpass the state-of-the-art on both the identification and verification protocols.","Submitted23 October, 2018;originally announcedOctober 2018.",Accepted byACCV2018
Generation of Virtual Dual Energy Images from Standard Single-Shot Radiographs using Multi-scale and Conditional Adversarial Network,https://arxiv.org/abs/1810.09354,https://arxiv.org/pdf/1810.09354,"Bo Zhou, Xunyu Lin, Brendan Eck, Jun Hou, David L. Wilson","Dual-energy (DE) chest radiographs provide greater diagnostic information than standard radiographs by separating the image into bone and soft tissue, revealing suspicious lesions which may otherwise be obstructed from view. However, acquisition of DE images requires two physical scans, necessitating specialized hardware and processing, and images are prone to motion artifact. Generation of virtual DE images from standard, single-shot chest radiographs would expand the diagnostic value of standard radiographs without changing the acquisition procedure. We present a Multi-scale Conditional Adversarial Network (MCA-Net) which produces high-resolution virtual DE bone images from standard, single-shot chest radiographs. Our proposed MCA-Net is trained using the adversarial network so that it learns sharp details for the production of high-quality bone images. Then, the virtual DE soft tissue image is generated by processing the standard radiograph with the virtual bone image using a cross projection transformation. Experimental results from 210 patient DE chest radiographs demonstrated that the algorithm can produce high-quality virtual DE chest radiographs. Important structures were preserved, such as coronary calcium in bone images and lung lesions in soft tissue images. The average structure similarity index and the peak signal to noise ratio of the produced bone images in testing data were 96.4 and 41.5, which are significantly better than results from previous methods. Furthermore, our clinical evaluation results performed on the publicly available dataset indicates the clinical values of our algorithms. Thus, our algorithm can produce high-quality DE images that are potentially useful for radiologists, computer-aided diagnostics, and other diagnostic tasks.","Submitted14 April, 2021;v1submitted 22 October, 2018;originally announcedOctober 2018.","16 pages, 7 figures, accepted by Asian Conference on Computer Vision (2018ACCV), code available at https://github.com/bbbbbbzhou/Virtual-Dual-Energy"
VIENA2: A Driving Anticipation Dataset,https://arxiv.org/abs/1810.09044,https://arxiv.org/pdf/1810.09044,"Mohammad Sadegh Aliakbarian, Fatemeh Sadat Saleh, Mathieu Salzmann, Basura Fernando, Lars Petersson, Lars Andersson","Action anticipation is critical in scenarios where one needs to react before the action is finalized. This is, for instance, the case in automated driving, where a car needs to, e.g., avoid hitting pedestrians and respect traffic lights. While solutions have been proposed to tackle subsets of the driving anticipation tasks, by making use of diverse, task-specific sensors, there is no single dataset or framework that addresses them all in a consistent manner. In this paper, we therefore introduce a new, large-scale dataset, called VIENA2, covering 5 generic driving scenarios, with a total of 25 distinct action classes. It contains more than 15K full HD, 5s long videos acquired in various driving conditions, weathers, daytimes and environments, complemented with a common and realistic set of sensor measurements. This amounts to more than 2.25M frames, each annotated with an action label, corresponding to 600 samples per action class. We discuss our data acquisition strategy and the statistics of our dataset, and benchmark state-of-the-art action anticipation techniques, including a new multi-modal LSTM architecture with an effective loss function for action anticipation in driving scenarios.","Submitted29 October, 2018;v1submitted 21 October, 2018;originally announcedOctober 2018.",Accepted inACCV2018
SCPNet: Spatial-Channel Parallelism Network for Joint Holistic and Partial Person Re-Identification,https://arxiv.org/abs/1810.06996,https://arxiv.org/pdf/1810.06996,"Xing Fan, Hao Luo, Xuan Zhang, Lingxiao He, Chi Zhang, Wei Jiang","Holistic person re-identification (ReID) has received extensive study in the past few years and achieves impressive progress. However, persons are often occluded by obstacles or other persons in practical scenarios, which makes partial person re-identification non-trivial. In this paper, we propose a spatial-channel parallelism network (SCPNet) in which each channel in the ReID feature pays attention to a given spatial part of the body. The spatial-channel corresponding relationship supervises the network to learn discriminative feature for both holistic and partial person re-identification. The single model trained on four holistic ReID datasets achieves competitive accuracy on these four datasets, as well as outperforms the state-of-the-art methods on two partial ReID datasets without training.","Submitted16 October, 2018;originally announcedOctober 2018.",accepted byACCV2018
SingleGAN: Image-to-Image Translation by a Single-Generator Network using Multiple Generative Adversarial Learning,https://arxiv.org/abs/1810.04991,https://arxiv.org/pdf/1810.04991,"Xiaoming Yu, Xing Cai, Zhenqiang Ying, Thomas Li, Ge Li","Image translation is a burgeoning field in computer vision where the goal is to learn the mapping between an input image and an output image. However, most recent methods require multiple generators for modeling different domain mappings, which are inefficient and ineffective on some multi-domain image translation tasks. In this paper, we propose a novel method, SingleGAN, to perform multi-domain image-to-image translations with a single generator. We introduce the domain code to explicitly control the different generative tasks and integrate multiple optimization goals to ensure the translation. Experimental results on several unpaired datasets show superior performance of our model in translation between two domains. Besides, we explore variants of SingleGAN for different tasks, including one-to-many domain translation, many-to-many domain translation and one-to-one domain translation with multimodality. The extended experiments show the universality and extensibility of our model.","Submitted17 April, 2020;v1submitted 11 October, 2018;originally announcedOctober 2018.",Accepted inACCV2018. Code is available at https://github.com/Xiaoming-Yu/SingleGAN
Let's take a Walk on Superpixels Graphs: Deformable Linear Objects Segmentation and Model Estimation,https://arxiv.org/abs/1810.04461,https://arxiv.org/pdf/1810.04461,"Daniele De Gregorio, Gianluca Palli, Luigi Di Stefano","While robotic manipulation of rigid objects is quite straightforward, coping with deformable objects is an open issue. More specifically, tasks like tying a knot, wiring a connector or even surgical suturing deal with the domain of Deformable Linear Objects (DLOs). In particular the detection of a DLO is a non-trivial problem especially under clutter and occlusions (as well as self-occlusions). The pose estimation of a DLO results into the identification of its parameters related to a designed model, e.g. a basis spline. It follows that the stand-alone segmentation of a DLO might not be sufficient to conduct a full manipulation task. This is why we propose a novel framework able to perform both a semantic segmentation and b-spline modeling of multiple deformable linear objects simultaneously without strict requirements about environment (i.e. the background). The core algorithm is based on biased random walks over the Region Adiacency Graph built on a superpixel oversegmentation of the source image. The algorithm is initialized by a Convolutional Neural Networks that detects the DLO's endcaps. An open source implementation of the proposed approach is also provided to easy the reproduction of the whole detection pipeline along with a novel cables dataset in order to encourage further experiments.","Submitted10 October, 2018;originally announcedOctober 2018.","Accepted as Oral toACCV2018, Perth"
Geometry meets semantics for semi-supervised monocular depth estimation,https://arxiv.org/abs/1810.04093,https://arxiv.org/pdf/1810.04093,"Pierluigi Zama Ramirez, Matteo Poggi, Fabio Tosi, Stefano Mattoccia, Luigi Di Stefano","Depth estimation from a single image represents a very exciting challenge in computer vision. While other image-based depth sensing techniques leverage on the geometry between different viewpoints (e.g., stereo or structure from motion), the lack of these cues within a single image renders ill-posed the monocular depth estimation task. For inference, state-of-the-art encoder-decoder architectures for monocular depth estimation rely on effective feature representations learned at training time. For unsupervised training of these models, geometry has been effectively exploited by suitable images warping losses computed from views acquired by a stereo rig or a moving camera. In this paper, we make a further step forward showing that learning semantic information from images enables to improve effectively monocular depth estimation as well. In particular, by leveraging on semantically labeled images together with unsupervised signals gained by geometry through an image warping loss, we propose a deep learning approach aimed at joint semantic segmentation and depth estimation. Our overall learning framework is semi-supervised, as we deploy groundtruth data only in the semantic domain. At training time, our network learns a common feature representation for both tasks and a novel cross-task loss function is proposed. The experimental findings show how, jointly tackling depth prediction and semantic segmentation, allows to improve depth estimation accuracy. In particular, on the KITTI dataset our network outperforms state-of-the-art methods for monocular depth estimation.","Submitted26 October, 2018;v1submitted 9 October, 2018;originally announcedOctober 2018.","16 pages, Accepted toACCV2018"
Domain Transfer for 3D Pose Estimation from Color Images without Manual Annotations,https://arxiv.org/abs/1810.03707,https://arxiv.org/pdf/1810.03707,"Mahdi Rad, Markus Oberweger, Vincent Lepetit","We introduce a novel learning method for 3D pose estimation from color images. While acquiring annotations for color images is a difficult task, our approach circumvents this problem by learning a mapping from paired color and depth images captured with an RGB-D camera. We jointly learn the pose from synthetic depth images that are easy to generate, and learn to align these synthetic depth images with the real depth images. We show our approach for the task of 3D hand pose estimation and 3D object pose estimation, both from color images only. Our method achieves performances comparable to state-of-the-art methods on popular benchmark datasets, without requiring any annotations for the color images.","Submitted21 February, 2019;v1submitted 8 October, 2018;originally announcedOctober 2018.",ACCV2018 (oral)
Learning for Video Super-Resolution through HR Optical Flow Estimation,https://arxiv.org/abs/1809.08573,https://arxiv.org/pdf/1809.08573,"Longguang Wang, Yulan Guo, Zaiping Lin, Xinpu Deng, Wei An","Video super-resolution (SR) aims to generate a sequence of high-resolution (HR) frames with plausible and temporally consistent details from their low-resolution (LR) counterparts. The generation of accurate correspondence plays a significant role in video SR. It is demonstrated by traditional video SR methods that simultaneous SR of both images and optical flows can provide accurate correspondences and better SR results. However, LR optical flows are used in existing deep learning based methods for correspondence generation. In this paper, we propose an end-to-end trainable video SR framework to super-resolve both images and optical flows. Specifically, we first propose an optical flow reconstruction network (OFRnet) to infer HR optical flows in a coarse-to-fine manner. Then, motion compensation is performed according to the HR optical flows. Finally, compensated LR inputs are fed to a super-resolution network (SRnet) to generate the SR results. Extensive experiments demonstrate that HR optical flows provide more accurate correspondences than their LR counterparts and improve both accuracy and consistency performance. Comparative results on the Vid4 and DAVIS-10 datasets show that our framework achieves the state-of-the-art performance.","Submitted25 October, 2018;v1submitted 23 September, 2018;originally announcedSeptember 2018.",To appear inACCV2018
From Same Photo: Cheating on Visual Kinship Challenges,https://arxiv.org/abs/1809.06200,https://arxiv.org/pdf/1809.06200,"Mitchell Dawson, Andrew Zisserman, Christoffer Nellåker","With the propensity for deep learning models to learn unintended signals from data sets there is always the possibility that the network can `cheat' in order to solve a task. In the instance of data sets for visual kinship verification, one such unintended signal could be that the faces are cropped from the same photograph, since faces from the same photograph are more likely to be from the same family. In this paper we investigate the influence of this artefactual data inference in published data sets for kinship verification.
  To this end, we obtain a large dataset, and train a CNN classifier to determine if two faces are from the same photograph or not. Using this classifier alone as a naive classifier of kinship, we demonstrate near state of the art results on five public benchmark data sets for kinship verification - achieving over 90% accuracy on one of them. Thus, we conclude that faces derived from the same photograph are a strong inadvertent signal in all the data sets we examined, and it is likely that the fraction of kinship explained by existing kinship models is small.","Submitted5 November, 2018;v1submitted 17 September, 2018;originally announcedSeptember 2018.",Accepted toACCV2018
Fast Video Shot Transition Localization with Deep Structured Models,https://arxiv.org/abs/1808.04234,https://arxiv.org/pdf/1808.04234,"Shitao Tang, Litong Feng, Zhangkui Kuang, Yimin Chen, Wei Zhang","Detection of video shot transition is a crucial pre-processing step in video analysis. Previous studies are restricted on detecting sudden content changes between frames through similarity measurement and multi-scale operations are widely utilized to deal with transitions of various lengths. However, localization of gradual transitions are still under-explored due to the high visual similarity between adjacent frames. Cut shot transitions are abrupt semantic breaks while gradual shot transitions contain low-level spatial-temporal patterns caused by video effects in addition to the gradual semantic breaks, e.g. dissolve. In order to address the problem, we propose a structured network which is able to detect these two shot transitions using targeted models separately. Considering speed performance trade-offs, we design a smart framework. With one TITAN GPU, the proposed method can achieve a 30\(\times\) real-time speed. Experiments on public TRECVID07 and RAI databases show that our method outperforms the state-of-the-art methods. In order to train a high-performance shot transition detector, we contribute a new database ClipShots, which contains 128636 cut transitions and 38120 gradual transitions from 4039 online videos. ClipShots intentionally collect short videos for more hard cases caused by hand-held camera vibrations, large object motions, and occlusion.","Submitted13 August, 2018;originally announcedAugust 2018.","16 pages, 3 figures, submitted toACCV"
Dynamic Temporal Pyramid Network: A Closer Look at Multi-Scale Modeling for Activity Detection,https://arxiv.org/abs/1808.02536,https://arxiv.org/pdf/1808.02536,"Da Zhang, Xiyang Dai, Yuan-Fang Wang","Recognizing instances at different scales simultaneously is a fundamental challenge in visual detection problems. While spatial multi-scale modeling has been well studied in object detection, how to effectively apply a multi-scale architecture to temporal models for activity detection is still under-explored. In this paper, we identify three unique challenges that need to be specifically handled for temporal activity detection compared to its spatial counterpart. To address all these issues, we propose Dynamic Temporal Pyramid Network (DTPN), a new activity detection framework with a multi-scale pyramidal architecture featuring three novel designs: (1) We sample input video frames dynamically with varying frame per seconds (FPS) to construct a natural pyramidal input for video of an arbitrary length. (2) We design a two-branch multi-scale temporal feature hierarchy to deal with the inherent temporal scale variation of activity instances. (3) We further exploit the temporal context of activities by appropriately fusing multi-scale feature maps, and demonstrate that both local and global temporal contexts are important. By combining all these components into a uniform network, we end up with a single-shot activity detector involving single-pass inferencing and end-to-end training. Extensive experiments show that the proposed DTPN achieves state-of-the-art performance on the challenging ActvityNet dataset.","Submitted15 February, 2019;v1submitted 7 August, 2018;originally announcedAugust 2018.",ACCV2018 Oral
A recurrent multi-scale approach to RBG-D Object Recognition,https://arxiv.org/abs/1808.01357,https://arxiv.org/pdf/1808.01357,"Mirco Planamente, Mohammad Reza Loghmani, Barbara Caputo","Technological development aims to produce generations of increasingly efficient robots able to perform complex tasks. This requires considerable efforts, from the scientific community, to find new algorithms that solve computer vision problems, such as object recognition. The diffusion of RGB-D cameras directed the study towards the research of new architectures able to exploit the RGB and Depth information. The project that is developed in this thesis concerns the realization of a new end-to-end architecture for the recognition of RGB-D objects called RCFusion. Our method generates compact and highly discriminative multi-modal features by combining complementary RGB and depth information representing different levels of abstraction. We evaluate our method on standard object recognition datasets, RGB-D Object Dataset and JHUIT-50. The experiments performed show that our method outperforms the existing approaches and establishes new state-of-the-art results for both datasets.","Submitted5 September, 2018;v1submitted 31 July, 2018;originally announcedAugust 2018.",Master thesis extracted from the paper arXiv:1806.01673 submitted toaccv2018
Applying Domain Randomization to Synthetic Data for Object Category Detection,https://arxiv.org/abs/1807.09834,https://arxiv.org/pdf/1807.09834,"João Borrego, Atabak Dehban, Rui Figueiredo, Plinio Moreno, Alexandre Bernardino, José Santos-Victor","Recent advances in deep learning-based object detection techniques have revolutionized their applicability in several fields. However, since these methods rely on unwieldy and large amounts of data, a common practice is to download models pre-trained on standard datasets and fine-tune them for specific application domains with a small set of domain relevant images. In this work, we show that using synthetic datasets that are not necessarily photo-realistic can be a better alternative to simply fine-tune pre-trained networks. Specifically, our results show an impressive 25% improvement in the mAP metric over a fine-tuning baseline when only about 200 labelled images are available to train. Finally, an ablation study of our results is presented to delineate the individual contribution of different components in the randomization pipeline.","Submitted16 July, 2018;originally announcedJuly 2018.","17 pages, 9 figures. Under review forACCV2018"
Visual Graphs from Motion (VGfM): Scene understanding with object geometry reasoning,https://arxiv.org/abs/1807.05933,https://arxiv.org/pdf/1807.05933,"Paul Gay, Stuart James, Alessio Del Bue","Recent approaches on visual scene understanding attempt to build a scene graph -- a computational representation of objects and their pairwise relationships. Such rich semantic representation is very appealing, yet difficult to obtain from a single image, especially when considering complex spatial arrangements in the scene. Differently, an image sequence conveys useful information using the multi-view geometric relations arising from camera motion. Indeed, in such cases, object relationships are naturally related to the 3D scene structure. To this end, this paper proposes a system that first computes the geometrical location of objects in a generic scene and then efficiently constructs scene graphs from video by embedding such geometrical reasoning. Such compelling representation is obtained using a new model where geometric and visual features are merged using an RNN framework. We report results on a dataset we created for the task of 3D scene graph generation in multiple views.","Submitted7 November, 2018;v1submitted 16 July, 2018;originally announcedJuly 2018.",Accepted toACCV2018
Pioneer Networks: Progressively Growing Generative Autoencoder,https://arxiv.org/abs/1807.03026,https://arxiv.org/pdf/1807.03026,"Ari Heljakka, Arno Solin, Juho Kannala","We introduce a novel generative autoencoder network model that learns to encode and reconstruct images with high quality and resolution, and supports smooth random sampling from the latent space of the encoder. Generative adversarial networks (GANs) are known for their ability to simulate random high-quality images, but they cannot reconstruct existing images. Previous works have attempted to extend GANs to support such inference but, so far, have not delivered satisfactory high-quality results. Instead, we propose the Progressively Growing Generative Autoencoder (PIONEER) network which achieves high-quality reconstruction with $128{\times}128$ images without requiring a GAN discriminator. We merge recent techniques for progressively building up the parts of the network with the recently introduced adversarial encoder-generator network. The ability to reconstruct input images is crucial in many real-world applications, and allows for precise intelligent manipulation of existing images. We show promising results in image synthesis and inference, with state-of-the-art results in CelebA inference tasks.","Submitted9 October, 2018;v1submitted 9 July, 2018;originally announcedJuly 2018.",To appear inACCV2018
Towards Multi-class Object Detection in Unconstrained Remote Sensing Imagery,https://arxiv.org/abs/1807.02700,https://arxiv.org/pdf/1807.02700,"Seyed Majid Azimi, Eleonora Vig, Reza Bahmanyar, Marco Körner, Peter Reinartz","Automatic multi-class object detection in remote sensing images in unconstrained scenarios is of high interest for several applications including traffic monitoring and disaster management. The huge variation in object scale, orientation, category, and complex backgrounds, as well as the different camera sensors pose great challenges for current algorithms. In this work, we propose a new method consisting of a novel joint image cascade and feature pyramid network with multi-size convolution kernels to extract multi-scale strong and weak semantic features. These features are fed into rotation-based region proposal and region of interest networks to produce object detections. Finally, rotational non-maximum suppression is applied to remove redundant detections. During training, we minimize joint horizontal and oriented bounding box loss functions, as well as a novel loss that enforces oriented boxes to be rectangular. Our method achieves 68.16% mAP on horizontal and 72.45% mAP on oriented bounding box detection tasks on the challenging DOTA dataset, outperforming all published methods by a large margin (+6% and +12% absolute improvement, respectively). Furthermore, it generalizes to two other datasets, NWPU VHR-10 and UCAS-AOD, and achieves competitive results with the baselines even when trained on DOTA. Our method can be deployed in multi-class object detection applications, regardless of the image and object scales and orientations, making it a great choice for unconstrained aerial and satellite imagery.","Submitted1 November, 2018;v1submitted 7 July, 2018;originally announcedJuly 2018.",ACCV2018
Tournament Based Ranking CNN for the Cataract grading,https://arxiv.org/abs/1807.02657,https://arxiv.org/pdf/1807.02657,"Dohyeun Kim, Tae Joon Jun, Daeyoung Kim, Youngsub Eom","Solving the classification problem, unbalanced number of dataset among the classes often causes performance degradation. Especially when some classes dominate the other classes with its large number of datasets, trained model shows low performance in identifying the dominated classes. This is common case when it comes to medical dataset. Because the case with a serious degree is not quite usual, there are imbalance in number of dataset between severe case and normal cases of diseases. Also, there is difficulty in precisely identifying grade of medical data because of vagueness between them. To solve these problems, we propose new architecture of convolutional neural network named Tournament based Ranking CNN which shows remarkable performance gain in identifying dominated classes while trading off very small accuracy loss in dominating classes. Our Approach complemented problems that occur when method of Ranking CNN that aggregates outputs of multiple binary neural network models is applied to medical data. By having tournament structure in aggregating method and using very deep pretrained binary models, our proposed model recorded 68.36% of exact match accuracy, while Ranking CNN recorded 53.40%, pretrained Resnet recorded 56.12% and CNN with linear regression recorded 57.48%. As a result, our proposed method is applied efficiently to cataract grading which have ordinal labels with imbalanced number of data among classes, also can be applied further to medical problems which have similar features to cataract and similar dataset configuration.","Submitted7 July, 2018;originally announcedJuly 2018.",Submitted toACCV2018
Parallel Convolutional Networks for Image Recognition via a Discriminator,https://arxiv.org/abs/1807.02265,https://arxiv.org/pdf/1807.02265,"Shiqi Yang, Gang Peng","In this paper, we introduce a simple but quite effective recognition framework dubbed D-PCN, aiming at enhancing feature extracting ability of CNN. The framework consists of two parallel CNNs, a discriminator and an extra classifier which takes integrated features from parallel networks and gives final prediction. The discriminator is core which drives parallel networks to focus on different regions and learn different representations. The corresponding training strategy is introduced to ensures utilization of discriminator. We validate D-PCN with several CNN models on benchmark datasets: CIFAR-100, and ImageNet, D-PCN enhances all models. In particular it yields state of the art performance on CIFAR-100 compared with related works. We also conduct visualization experiment on fine-grained Stanford Dogs dataset to verify our motivation. Additionally, we apply D-PCN for segmentation on PASCAL VOC 2012 and also find promotion.","Submitted25 September, 2018;v1submitted 6 July, 2018;originally announcedJuly 2018.",Accepted byACCV2018
GANomaly: Semi-Supervised Anomaly Detection via Adversarial Training,https://arxiv.org/abs/1805.06725,https://arxiv.org/pdf/1805.06725,"Samet Akcay, Amir Atapour-Abarghouei, Toby P. Breckon","Anomaly detection is a classical problem in computer vision, namely the determination of the normal from the abnormal when datasets are highly biased towards one class (normal) due to the insufficient sample size of the other class (abnormal). While this can be addressed as a supervised learning problem, a significantly more challenging problem is that of detecting the unknown/unseen anomaly case that takes us instead into the space of a one-class, semi-supervised learning paradigm. We introduce such a novel anomaly detection model, by using a conditional generative adversarial network that jointly learns the generation of high-dimensional image space and the inference of latent space. Employing encoder-decoder-encoder sub-networks in the generator network enables the model to map the input image to a lower dimension vector, which is then used to reconstruct the generated output image. The use of the additional encoder network maps this generated image to its latent representation. Minimizing the distance between these images and the latent vectors during training aids in learning the data distribution for the normal samples. As a result, a larger distance metric from this learned data distribution at inference time is indicative of an outlier from that distribution - an anomaly. Experimentation over several benchmark datasets, from varying domains, shows the model efficacy and superiority over previous state-of-the-art approaches.","Submitted13 November, 2018;v1submitted 17 May, 2018;originally announcedMay 2018.",ACCV2018
On Learning Associations of Faces and Voices,https://arxiv.org/abs/1805.05553,https://arxiv.org/pdf/1805.05553,"Changil Kim, Hijung Valentina Shin, Tae-Hyun Oh, Alexandre Kaspar, Mohamed Elgharib, Wojciech Matusik","In this paper, we study the associations between human faces and voices. Audiovisual integration, specifically the integration of facial and vocal information is a well-researched area in neuroscience. It is shown that the overlapping information between the two modalities plays a significant role in perceptual tasks such as speaker identification. Through an online study on a new dataset we created, we confirm previous findings that people can associate unseen faces with corresponding voices and vice versa with greater than chance accuracy. We computationally model the overlapping information between faces and voices and show that the learned cross-modal representation contains enough information to identify matching faces and voices with performance similar to that of humans. Our representation exhibits correlations to certain demographic attributes and features obtained from either visual or aural modality alone. We release our dataset of audiovisual recordings and demographic annotations of people reading out short text used in our studies.","Submitted1 November, 2018;v1submitted 14 May, 2018;originally announcedMay 2018.",27 pages including the supplementary material; Accepted toACCV2018
Structure Aware SLAM using Quadrics and Planes,https://arxiv.org/abs/1804.09111,https://arxiv.org/pdf/1804.09111,"Mehdi Hosseinzadeh, Yasir Latif, Trung Pham, Niko Suenderhauf, Ian Reid","Simultaneous Localization And Mapping (SLAM) is a fundamental problem in mobile robotics. While point-based SLAM methods provide accurate camera localization, the generated maps lack semantic information. On the other hand, state of the art object detection methods provide rich information about entities present in the scene from a single image. This work marries the two and proposes a method for representing generic objects as quadrics which allows object detections to be seamlessly integrated in a SLAM framework. For scene coverage, additional dominant planar structures are modeled as infinite planes. Experiments show that the proposed points-planes-quadrics representation can easily incorporate Manhattan and object affordance constraints, greatly improving camera localization and leading to semantically meaningful maps. The performance of our SLAM system is demonstrated in https://youtu.be/dR-rB9keF8M .","Submitted2 November, 2018;v1submitted 24 April, 2018;originally announcedApril 2018.",Accepted toACCV2018
Siamese Generative Adversarial Privatizer for Biometric Data,https://arxiv.org/abs/1804.08757,https://arxiv.org/pdf/1804.08757,"Witold Oleszkiewicz, Peter Kairouz, Karol Piczak, Ram Rajagopal, Tomasz Trzcinski","State-of-the-art machine learning algorithms can be fooled by carefully crafted adversarial examples. As such, adversarial examples present a concrete problem in AI safety. In this work we turn the tables and ask the following question: can we harness the power of adversarial examples to prevent malicious adversaries from learning identifying information from data while allowing non-malicious entities to benefit from the utility of the same data? For instance, can we use adversarial examples to anonymize biometric dataset of faces while retaining usefulness of this data for other purposes, such as emotion recognition? To address this question, we propose a simple yet effective method, called Siamese Generative Adversarial Privatizer (SGAP), that exploits the properties of a Siamese neural network to find discriminative features that convey identifying information. When coupled with a generative model, our approach is able to correctly locate and disguise identifying information, while minimally reducing the utility of the privatized dataset. Extensive evaluation on a biometric dataset of fingerprints and cartoon faces confirms usefulness of our simple yet effective method.","Submitted8 October, 2018;v1submitted 23 April, 2018;originally announcedApril 2018.",Paper accepted toACCV2018 (Asian Conference on Computer Vision)
Large Scale Scene Text Verification with Guided Attention,https://arxiv.org/abs/1804.08588,https://arxiv.org/pdf/1804.08588,"Dafang He, Yeqing Li, Alexander Gorban, Derrall Heath, Julian Ibarz, Qian Yu, Daniel Kifer, C. Lee Giles","Many tasks are related to determining if a particular text string exists in an image. In this work, we propose a new framework that learns this task in an end-to-end way. The framework takes an image and a text string as input and then outputs the probability of the text string being present in the image. This is the first end-to-end framework that learns such relationships between text and images in scene text area. The framework does not require explicit scene text detection or recognition and thus no bounding box annotations are needed for it. It is also the first work in scene text area that tackles suh a weakly labeled problem. Based on this framework, we developed a model called Guided Attention. Our designed model achieves much better results than several state-of-the-art scene text reading based solutions for a challenging Street View Business Matching task. The task tries to find correct business names for storefront images and the dataset we collected for it is substantially larger, and more challenging than existing scene text dataset. This new real-world task provides a new perspective for studying scene text related problems. We also demonstrate the uniqueness of our task via a comparison between our problem and a typical Visual Question Answering problem.","Submitted18 November, 2018;v1submitted 23 April, 2018;originally announcedApril 2018.","18 pages,ACCV2019"
Deep Object Co-Segmentation,https://arxiv.org/abs/1804.06423,https://arxiv.org/pdf/1804.06423,"Weihao Li, Omid Hosseini Jafari, Carsten Rother","This work presents a deep object co-segmentation (DOCS) approach for segmenting common objects of the same class within a pair of images. This means that the method learns to ignore common, or uncommon, background stuff and focuses on objects. If multiple object classes are presented in the image pair, they are jointly extracted as foreground. To address this task, we propose a CNN-based Siamese encoder-decoder architecture. The encoder extracts high-level semantic features of the foreground objects, a mutual correlation layer detects the common objects, and finally, the decoder generates the output foreground masks for each image. To train our model, we compile a large object co-segmentation dataset consisting of image pairs from the PASCAL VOC dataset with common objects masks. We evaluate our approach on commonly used datasets for co-segmentation tasks and observe that our approach consistently outperforms competing methods, for both seen and unseen object classes.","Submitted28 May, 2019;v1submitted 17 April, 2018;originally announcedApril 2018.",Accepted atACCV2018
Video Object Segmentation with Language Referring Expressions,https://arxiv.org/abs/1803.08006,https://arxiv.org/pdf/1803.08006,"Anna Khoreva, Anna Rohrbach, Bernt Schiele","Most state-of-the-art semi-supervised video object segmentation methods rely on a pixel-accurate mask of a target object provided for the first frame of a video. However, obtaining a detailed segmentation mask is expensive and time-consuming. In this work we explore an alternative way of identifying a target object, namely by employing language referring expressions. Besides being a more practical and natural way of pointing out a target object, using language specifications can help to avoid drift as well as make the system more robust to complex dynamics and appearance variations. Leveraging recent advances of language grounding models designed for images, we propose an approach to extend them to video data, ensuring temporally coherent predictions. To evaluate our method we augment the popular video object segmentation benchmarks, DAVIS'16 and DAVIS'17 with language descriptions of target objects. We show that our language-supervised approach performs on par with the methods which have access to a pixel-level mask of the target object on DAVIS'16 and is competitive to methods using scribbles on the challenging DAVIS'17 dataset.","Submitted5 February, 2019;v1submitted 21 March, 2018;originally announcedMarch 2018.",ACCV2018: 14th Asian Conference on Computer Vision
Flex-Convolution (Million-Scale Point-Cloud Learning Beyond Grid-Worlds),https://arxiv.org/abs/1803.07289,https://arxiv.org/pdf/1803.07289,"Fabian Groh, Patrick Wieschollek, Hendrik P. A. Lensch","Traditional convolution layers are specifically designed to exploit the natural data representation of images -- a fixed and regular grid. However, unstructured data like 3D point clouds containing irregular neighborhoods constantly breaks the grid-based data assumption. Therefore applying best-practices and design choices from 2D-image learning methods towards processing point clouds are not readily possible. In this work, we introduce a natural generalization flex-convolution of the conventional convolution layer along with an efficient GPU implementation. We demonstrate competitive performance on rather small benchmark sets using fewer parameters and lower memory consumption and obtain significant improvements on a million-scale real-world dataset. Ours is the first which allows to efficiently process 7 million points concurrently.","Submitted15 April, 2020;v1submitted 20 March, 2018;originally announcedMarch 2018.",accepted atACCV2018
"Totally Looks Like - How Humans Compare, Compared to Machines",https://arxiv.org/abs/1803.01485,https://arxiv.org/pdf/1803.01485,"Amir Rosenfeld, Markus D. Solbach, John K. Tsotsos","Perceptual judgment of image similarity by humans relies on rich internal representations ranging from low-level features to high-level concepts, scene properties and even cultural associations. However, existing methods and datasets attempting to explain perceived similarity use stimuli which arguably do not cover the full breadth of factors that affect human similarity judgments, even those geared toward this goal. We introduce a new dataset dubbed Totally-Looks-Like (TLL) after a popular entertainment website, which contains images paired by humans as being visually similar. The dataset contains 6016 image-pairs from the wild, shedding light upon a rich and diverse set of criteria employed by human beings. We conduct experiments to try to reproduce the pairings via features extracted from state-of-the-art deep convolutional neural networks, as well as additional human experiments to verify the consistency of the collected data. Though we create conditions to artificially make the matching task increasingly easier, we show that machine-extracted representations perform very poorly in terms of reproducing the matching selected by humans. We discuss and analyze these results, suggesting future directions for improvement of learned image representations.","Submitted18 October, 2018;v1submitted 4 March, 2018;originally announcedMarch 2018.",ACCV2018. Project website: https://sites.google.com/view/totally-looks-like-dataset
Long-Term Visual Object Tracking Benchmark,https://arxiv.org/abs/1712.01358,https://arxiv.org/pdf/1712.01358,"Abhinav Moudgil, Vineet Gandhi","We propose a new long video dataset (called Track Long and Prosper - TLP) and benchmark for single object tracking. The dataset consists of 50 HD videos from real world scenarios, encompassing a duration of over 400 minutes (676K frames), making it more than 20 folds larger in average duration per sequence and more than 8 folds larger in terms of total covered duration, as compared to existing generic datasets for visual tracking. The proposed dataset paves a way to suitably assess long term tracking performance and train better deep learning architectures (avoiding/reducing augmentation, which may not reflect real world behaviour). We benchmark the dataset on 17 state of the art trackers and rank them according to tracking accuracy and run time speeds. We further present thorough qualitative and quantitative evaluation highlighting the importance of long term aspect of tracking. Our most interesting observations are (a) existing short sequence benchmarks fail to bring out the inherent differences in tracking algorithms which widen up while tracking on long sequences and (b) the accuracy of trackers abruptly drops on challenging long sequences, suggesting the potential need of research efforts in the direction of long-term tracking.","Submitted1 January, 2019;v1submitted 4 December, 2017;originally announcedDecember 2017.",ACCV2018 (Oral)
Bidirectional Conditional Generative Adversarial Networks,https://arxiv.org/abs/1711.07461,https://arxiv.org/pdf/1711.07461,"Ayush Jaiswal, Wael AbdAlmageed, Yue Wu, Premkumar Natarajan","Conditional Generative Adversarial Networks (cGANs) are generative models that can produce data samples ($x$) conditioned on both latent variables ($z$) and known auxiliary information ($c$). We propose the Bidirectional cGAN (BiCoGAN), which effectively disentangles $z$ and $c$ in the generation process and provides an encoder that learns inverse mappings from $x$ to both $z$ and $c$, trained jointly with the generator and the discriminator. We present crucial techniques for training BiCoGANs, which involve an extrinsic factor loss along with an associated dynamically-tuned importance weight. As compared to other encoder-based cGANs, BiCoGANs encode $c$ more accurately, and utilize $z$ and $c$ more effectively and in a more disentangled way to generate samples.","Submitted3 November, 2018;v1submitted 20 November, 2017;originally announcedNovember 2017.",To appear in Proceedings ofACCV2018
Predicting Driver Attention in Critical Situations,https://arxiv.org/abs/1711.06406,https://arxiv.org/pdf/1711.06406,"Ye Xia, Danqing Zhang, Jinkyu Kim, Ken Nakayama, Karl Zipser, David Whitney","Robust driver attention prediction for critical situations is a challenging computer vision problem, yet essential for autonomous driving. Because critical driving moments are so rare, collecting enough data for these situations is difficult with the conventional in-car data collection protocol---tracking eye movements during driving. Here, we first propose a new in-lab driver attention collection protocol and introduce a new driver attention dataset, Berkeley DeepDrive Attention (BDD-A) dataset, which is built upon braking event videos selected from a large-scale, crowd-sourced driving video dataset. We further propose Human Weighted Sampling (HWS) method, which uses human gaze behavior to identify crucial frames of a driving dataset and weights them heavily during model training. With our dataset and HWS, we built a driver attention prediction model that outperforms the state-of-the-art and demonstrates sophisticated behaviors, like attending to crossing pedestrians but not giving false alarms to pedestrians safely walking on the sidewalk. Its prediction results are nearly indistinguishable from ground-truth to humans. Although only being trained with our in-lab attention data, the model also predicts in-car driver attention data of routine driving with state-of-the-art accuracy. This result not only demonstrates the performance of our model but also proves the validity and usefulness of our dataset and data collection protocol.","Submitted5 December, 2018;v1submitted 16 November, 2017;originally announcedNovember 2017.",ACCV2018
Learning Deeply Supervised Good Features to Match for Dense Monocular Reconstruction,https://arxiv.org/abs/1711.05919,https://arxiv.org/pdf/1711.05919,"Chamara Saroj Weerasekera, Ravi Garg, Yasir Latif, Ian Reid","Visual SLAM (Simultaneous Localization and Mapping) methods typically rely on handcrafted visual features or raw RGB values for establishing correspondences between images. These features, while suitable for sparse mapping, often lead to ambiguous matches in texture-less regions when performing dense reconstruction due to the aperture problem. In this work, we explore the use of learned features for the matching task in dense monocular reconstruction. We propose a novel convolutional neural network (CNN) architecture along with a deeply supervised feature learning scheme for pixel-wise regression of visual descriptors from an image which are best suited for dense monocular SLAM. In particular, our learning scheme minimizes a multi-view matching cost-volume loss with respect to the regressed features at multiple stages within the network, for explicitly learning contextual features that are suitable for dense matching between images captured by a moving monocular camera along the epipolar line. We integrate the learned features from our model for depth estimation inside a real-time dense monocular SLAM framework, where photometric error is replaced by our learned descriptor error. Our extensive evaluation on several challenging indoor datasets demonstrate greatly improved accuracy in dense reconstructions of the well celebrated dense SLAM systems like DTAM, without compromising their real-time performance.","Submitted20 November, 2018;v1submitted 15 November, 2017;originally announcedNovember 2017.",ACCV2018
Image Patch Matching Using Convolutional Descriptors with Euclidean Distance,https://arxiv.org/abs/1710.11359,https://arxiv.org/pdf/1710.11359,"Iaroslav Melekhov, Juho Kannala, Esa Rahtu","In this work we propose a neural network based image descriptor suitable for image patch matching, which is an important task in many computer vision applications. Our approach is influenced by recent success of deep convolutional neural networks (CNNs) in object detection and classification tasks. We develop a model which maps the raw input patch to a low dimensional feature vector so that the distance between representations is small for similar patches and large otherwise. As a distance metric we utilize L2 norm, i.e. Euclidean distance, which is fast to evaluate and used in most popular hand-crafted descriptors, such as SIFT. According to the results, our approach outperforms state-of-the-art L2-based descriptors and can be considered as a direct replacement of SIFT. In addition, we conducted experiments with batch normalization and histogram equalization as a preprocessing method of the input data. The results confirm that these techniques further improve the performance of the proposed descriptor. Finally, we show promising preliminary results by appending our CNNs with recently proposed spatial transformer networks and provide a visualisation and interpretation of their impact.","Submitted31 October, 2017;originally announcedOctober 2017.",The paper was published inACCV2016 Workshops proceedings (Workshop on Interpretation and Visualization of Deep Neural Nets)
Reflection Separation and Deblurring of Plenoptic Images,https://arxiv.org/abs/1708.06779,https://arxiv.org/pdf/1708.06779,"Paramanand Chandramouli, Mehdi Noroozi, Paolo Favaro","In this paper, we address the problem of reflection removal and deblurring from a single image captured by a plenoptic camera. We develop a two-stage approach to recover the scene depth and high resolution textures of the reflected and transmitted layers. For depth estimation in the presence of reflections, we train a classifier through convolutional neural networks. For recovering high resolution textures, we assume that the scene is composed of planar regions and perform the reconstruction of each layer by using an explicit form of the plenoptic camera point spread function. The proposed framework also recovers the sharp scene texture with different motion blurs applied to each layer. We demonstrate our method on challenging real and synthetic images.","Submitted22 August, 2017;originally announcedAugust 2017.",ACCV2016
Hidden Two-Stream Convolutional Networks for Action Recognition,https://arxiv.org/abs/1704.00389,https://arxiv.org/pdf/1704.00389,"Yi Zhu, Zhenzhong Lan, Shawn Newsam, Alexander G. Hauptmann","Analyzing videos of human actions involves understanding the temporal relationships among video frames. State-of-the-art action recognition approaches rely on traditional optical flow estimation methods to pre-compute motion information for CNNs. Such a two-stage approach is computationally expensive, storage demanding, and not end-to-end trainable. In this paper, we present a novel CNN architecture that implicitly captures motion information between adjacent frames. We name our approach hidden two-stream CNNs because it only takes raw video frames as input and directly predicts action classes without explicitly computing optical flow. Our end-to-end approach is 10x faster than its two-stage baseline. Experimental results on four challenging action recognition datasets: UCF101, HMDB51, THUMOS14 and ActivityNet v1.2 show that our approach significantly outperforms the previous best real-time approaches.","Submitted30 October, 2018;v1submitted 2 April, 2017;originally announcedApril 2017.","Accepted atACCV2018, camera ready. Code available at https://github.com/bryanyzhu/Hidden-Two-Stream"
Distinguishing Posed and Spontaneous Smiles by Facial Dynamics,https://arxiv.org/abs/1701.01573,https://arxiv.org/pdf/1701.01573,"Bappaditya Mandal, David Lee, Nizar Ouarti","Smile is one of the key elements in identifying emotions and present state of mind of an individual. In this work, we propose a cluster of approaches to classify posed and spontaneous smiles using deep convolutional neural network (CNN) face features, local phase quantization (LPQ), dense optical flow and histogram of gradient (HOG). Eulerian Video Magnification (EVM) is used for micro-expression smile amplification along with three normalization procedures for distinguishing posed and spontaneous smiles. Although the deep CNN face model is trained with large number of face images, HOG features outperforms this model for overall face smile classification task. Using EVM to amplify micro-expressions did not have a significant impact on classification accuracy, while the normalizing facial features improved classification accuracy. Unlike many manual or semi-automatic methodologies, our approach aims to automatically classify all smiles into either `spontaneous' or `posed' categories, by using support vector machines (SVM). Experimental results on large UvA-NEMO smile database show promising results as compared to other relevant methods.","Submitted17 February, 2017;v1submitted 6 January, 2017;originally announcedJanuary 2017.","16 pages, 8 figures,ACCV2016, Second Workshop on Spontaneous Facial Behavior Analysis"
Deep Supervised Hashing with Triplet Labels,https://arxiv.org/abs/1612.03900,https://arxiv.org/pdf/1612.03900,"Xiaofang Wang, Yi Shi, Kris M. Kitani","Hashing is one of the most popular and powerful approximate nearest neighbor search techniques for large-scale image retrieval. Most traditional hashing methods first represent images as off-the-shelf visual features and then produce hashing codes in a separate stage. However, off-the-shelf visual features may not be optimally compatible with the hash code learning procedure, which may result in sub-optimal hash codes. Recently, deep hashing methods have been proposed to simultaneously learn image features and hash codes using deep neural networks and have shown superior performance over traditional hashing methods. Most deep hashing methods are given supervised information in the form of pairwise labels or triplet labels. The current state-of-the-art deep hashing method DPSH~\cite{li2015feature}, which is based on pairwise labels, performs image feature learning and hash code learning simultaneously by maximizing the likelihood of pairwise similarities. Inspired by DPSH~\cite{li2015feature}, we propose a triplet label based deep hashing method which aims to maximize the likelihood of the given triplet labels. Experimental results show that our method outperforms all the baselines on CIFAR-10 and NUS-WIDE datasets, including the state-of-the-art method DPSH~\cite{li2015feature} and all the previous triplet label based deep hashing methods.","Submitted12 December, 2016;originally announcedDecember 2016.",Appear inACCV2016
Who's that Actor? Automatic Labelling of Actors in TV series starting from IMDB Images,https://arxiv.org/abs/1611.09162,https://arxiv.org/pdf/1611.09162,"Rahaf Aljundi, Punarjay Chakravarty, Tinne Tuytelaars","In this work, we aim at automatically labeling actors in a TV series. Rather than relying on transcripts and subtitles, as has been demonstrated in the past, we show how to achieve this goal starting from a set of example images of each of the main actors involved, collected from the Internet Movie Database (IMDB). The problem then becomes one of domain adaptation: actors' IMDB photos are typically taken at awards ceremonies and are quite different from their appearances in TV series. In each series as well, there is considerable change in actor appearance due to makeup, lighting, ageing, etc. To bridge this gap, we propose a graph-matching based self-labelling algorithm, which we coin HSL (Hungarian Self Labeling). Further, we propose a new edge cost to be used in this context, as well as an extension that is more robust to outliers, where prototypical faces for each of the actors are selected based on a hierarchical clustering procedure. We conduct experiments with 15 episodes from 3 different TV series and demonstrate automatic annotation with an accuracy of 90% and up.","Submitted28 November, 2016;originally announcedNovember 2016.",ACCV2016 accepted paper
Deep Architectures for Face Attributes,https://arxiv.org/abs/1609.09018,https://arxiv.org/pdf/1609.09018,"Tobi Baumgartner, Jack Culpepper","We train a deep convolutional neural network to perform identity classification using a new dataset of public figures annotated with age, gender, ethnicity and emotion labels, and then fine-tune it for attribute classification. An optimal sharing pattern of computational resources within this network is determined by experiment, requiring only 1 G flops to produce all predictions. Rather than fine-tune by relearning weights in one additional layer after the penultimate layer of the identity network, we try several different depths for each attribute. We find that prediction of age and emotion is improved by fine-tuning from earlier layers onward, presumably because deeper layers are progressively invariant to non-identity related changes in the input.","Submitted28 September, 2016;originally announcedSeptember 2016.","11 pages, 2 figures, accepted in ""Workshop on Facial Informatics in conjunction withACCV'16"""
Video Summarization using Deep Semantic Features,https://arxiv.org/abs/1609.08758,https://arxiv.org/pdf/1609.08758,"Mayu Otani, Yuta Nakashima, Esa Rahtu, Janne Heikkilä, Naokazu Yokoya","This paper presents a video summarization technique for an Internet video to provide a quick way to overview its content. This is a challenging problem because finding important or informative parts of the original video requires to understand its content. Furthermore the content of Internet videos is very diverse, ranging from home videos to documentaries, which makes video summarization much more tough as prior knowledge is almost not available. To tackle this problem, we propose to use deep video features that can encode various levels of content semantics, including objects, actions, and scenes, improving the efficiency of standard video summarization techniques. For this, we design a deep neural network that maps videos as well as descriptions to a common semantic space and jointly trained it with associated pairs of videos and descriptions. To generate a video summary, we extract the deep features from each segment of the original video and apply a clustering-based summarization technique to them. We evaluate our video summaries using the SumMe dataset as well as baseline approaches. The results demonstrated the advantages of incorporating our deep semantic features in a video summarization technique.","Submitted27 September, 2016;originally announcedSeptember 2016.","16 pages, the 13th Asian Conference on Computer Vision (ACCV'16)"
Combining Texture and Shape Cues for Object Recognition With Minimal Supervision,https://arxiv.org/abs/1609.04356,https://arxiv.org/pdf/1609.04356,"Xingchao Peng, Kate Saenko","We present a novel approach to object classification and detection which requires minimal supervision and which combines visual texture cues and shape information learned from freely available unlabeled web search results. The explosion of visual data on the web can potentially make visual examples of almost any object easily accessible via web search. Previous unsupervised methods have utilized either large scale sources of texture cues from the web, or shape information from data such as crowdsourced CAD models. We propose a two-stream deep learning framework that combines these cues, with one stream learning visual texture cues from image search data, and the other stream learning rich shape information from 3D CAD models. To perform classification or detection for a novel image, the predictions of the two streams are combined using a late fusion scheme. We present experiments and visualizations for both tasks on the standard benchmark PASCAL VOC 2007 to demonstrate that texture and shape provide complementary information in our model. Our method outperforms previous web image based models, 3D CAD model based approaches, and weakly supervised models.","Submitted14 September, 2016;originally announcedSeptember 2016.",ACCV2016
Simultaneous independent image display technique on multiple 3D objects,https://arxiv.org/abs/1609.02994,https://arxiv.org/pdf/1609.02994,"Takuto Hirukawa, Marco Visentini-Scarzanella, Hiroshi Kawasaki, Ryo Furukawa, Shinsaku Hiura","We propose a new system to visualize depth-dependent patterns and images on solid objects with complex geometry using multiple projectors. The system, despite consisting of conventional passive LCD projectors, is able to project different images and patterns depending on the spatial location of the object. The technique is based on the simple principle that multiple patterns projected from multiple projectors interfere constructively with each other when their patterns are projected on the same object. Previous techniques based on the same principle can only achieve 1) low resolution volume colorization or 2) high resolution images but only on a limited number of flat planes. In this paper, we discretize a 3D object into a number of 3D points so that high resolution images can be projected onto the complex shapes. We also propose a dynamic ranges expansion technique as well as an efficient optimization procedure based on epipolar constraints.
  Such technique can be used to the extend projection mapping to have spatial dependency, which is desirable for practical applications. We also demonstrate the system potential as a visual instructor for object placement and assembling. Experiments prove the effectiveness of our method.","Submitted9 September, 2016;originally announcedSeptember 2016.",Accepted toACCV2016
"Towards Segmenting Consumer Stereo Videos: Benchmark, Baselines and Ensembles",https://arxiv.org/abs/1609.00836,https://arxiv.org/pdf/1609.00836,"Wei-Chen Chiu, Fabio Galasso, Mario Fritz","Are we ready to segment consumer stereo videos? The amount of this data type is rapidly increasing and encompasses rich information of appearance, motion and depth cues. However, the segmentation of such data is still largely unexplored. First, we propose therefore a new benchmark: videos, annotations and metrics to measure progress on this emerging challenge. Second, we evaluate several state of the art segmentation methods and propose a novel ensemble method based on recent spectral theory. This combines existing image and video segmentation techniques in an efficient scheme. Finally, we propose and integrate into this model a novel regressor, learnt to optimize the stereo segmentation performance directly via a differentiable proxy. The regressor makes our segmentation ensemble adaptive to each stereo video and outperforms the segmentations of the ensemble as well as a most recent RGB-D segmentation technique.","Submitted7 September, 2016;v1submitted 3 September, 2016;originally announcedSeptember 2016.",accepted byACCV2016
Fitting a 3D Morphable Model to Edges: A Comparison Between Hard and Soft Correspondences,https://arxiv.org/abs/1602.01125,https://arxiv.org/pdf/1602.01125,"Anil Bas, William A. P. Smith, Timo Bolkart, Stefanie Wuhrer","We propose a fully automatic method for fitting a 3D morphable model to single face images in arbitrary pose and lighting. Our approach relies on geometric features (edges and landmarks) and, inspired by the iterated closest point algorithm, is based on computing hard correspondences between model vertices and edge pixels. We demonstrate that this is superior to previous work that uses soft correspondences to form an edge-derived cost surface that is minimised by nonlinear optimisation.","Submitted3 October, 2016;v1submitted 2 February, 2016;originally announcedFebruary 2016.",To appear inACCV2016 Workshop on Facial Informatics
Deep Relative Attributes,https://arxiv.org/abs/1512.04103,https://arxiv.org/pdf/1512.04103,"Yaser Souri, Erfan Noury, Ehsan Adeli","Visual attributes are great means of describing images or scenes, in a way both humans and computers understand. In order to establish a correspondence between images and to be able to compare the strength of each property between images, relative attributes were introduced. However, since their introduction, hand-crafted and engineered features were used to learn increasingly complex models for the problem of relative attributes. This limits the applicability of those methods for more realistic cases. We introduce a deep neural network architecture for the task of relative attribute prediction. A convolutional neural network (ConvNet) is adopted to learn the features by including an additional layer (ranking layer) that learns to rank the images based on these features. We adopt an appropriate ranking loss to train the whole network in an end-to-end fashion. Our proposed method outperforms the baseline and state-of-the-art methods in relative attribute prediction on various coarse and fine-grained datasets. Our qualitative results along with the visualization of the saliency maps show that the network is able to learn effective features for each specific attribute. Source code of the proposed method is available at https://github.com/yassersouri/ghiaseddin.","Submitted13 September, 2016;v1submitted 13 December, 2015;originally announcedDecember 2015.",ACCV2016
Color-Phase Analysis for Sinusoidal Structured Light in Rapid Range Imaging,https://arxiv.org/abs/1509.04115,https://arxiv.org/pdf/1509.04115,"Changsoo Je, Sang Wook Lee, Rae-Hong Park","Active range sensing using structured-light is the most accurate and reliable method for obtaining 3D information. However, most of the work has been limited to range sensing of static objects, and range sensing of dynamic (moving or deforming) objects has been investigated recently only by a few researchers. Sinusoidal structured-light is one of the well-known optical methods for 3D measurement. In this paper, we present a novel method for rapid high-resolution range imaging using color sinusoidal pattern. We consider the real-world problem of nonlinearity and color-band crosstalk in the color light projector and color camera, and present methods for accurate recovery of color-phase. For high-resolution ranging, we use high-frequency patterns and describe new unwrapping algorithms for reliable range recovery. The experimental results demonstrate the effectiveness of our methods.","Submitted14 September, 2015;originally announcedSeptember 2015.","6 pages, 12 figures. 6th Asian Conference on Computer Vision (ACCV2004)"
A Latent Clothing Attribute Approach for Human Pose Estimation,https://arxiv.org/abs/1411.4331,https://arxiv.org/pdf/1411.4331,"Weipeng Zhang, Jie Shen, Guangcan Liu, Yong Yu","As a fundamental technique that concerns several vision tasks such as image parsing, action recognition and clothing retrieval, human pose estimation (HPE) has been extensively investigated in recent years. To achieve accurate and reliable estimation of the human pose, it is well-recognized that the clothing attributes are useful and should be utilized properly. Most previous approaches, however, require to manually annotate the clothing attributes and are therefore very costly. In this paper, we shall propose and explore a \emph{latent} clothing attribute approach for HPE. Unlike previous approaches, our approach models the clothing attributes as latent variables and thus requires no explicit labeling for the clothing attributes. The inference of the latent variables are accomplished by utilizing the framework of latent structured support vector machines (LSSVM). We employ the strategy of \emph{alternating direction} to train the LSSVM model: In each iteration, one kind of variables (e.g., human pose or clothing attribute) are fixed and the others are optimized. Our extensive experiments on two real-world benchmarks show the state-of-the-art performance of our proposed approach.","Submitted16 November, 2014;originally announcedNovember 2014.","accepted toACCV2014, preceding work http://arxiv.org/abs/1404.4923"
Efficient On-the-fly Category Retrieval using ConvNets and GPUs,https://arxiv.org/abs/1407.4764,https://arxiv.org/pdf/1407.4764,"Ken Chatfield, Karen Simonyan, Andrew Zisserman","We investigate the gains in precision and speed, that can be obtained by using Convolutional Networks (ConvNets) for on-the-fly retrieval - where classifiers are learnt at run time for a textual query from downloaded images, and used to rank large image or video datasets.
  We make three contributions: (i) we present an evaluation of state-of-the-art image representations for object category retrieval over standard benchmark datasets containing 1M+ images; (ii) we show that ConvNets can be used to obtain features which are incredibly performant, and yet much lower dimensional than previous state-of-the-art image representations, and that their dimensionality can be reduced further without loss in performance by compression using product quantization or binarization. Consequently, features with the state-of-the-art performance on large-scale datasets of millions of images can fit in the memory of even a commodity GPU card; (iii) we show that an SVM classifier can be learnt within a ConvNet framework on a GPU in parallel with downloading the new training images, allowing for a continuous refinement of the model as more images become available, and simultaneous training and ranking. The outcome is an on-the-fly system that significantly outperforms its predecessors in terms of: precision of retrieval, memory requirements, and speed, facilitating accurate on-the-fly learning and ranking in under a second on a single GPU.","Submitted17 November, 2014;v1submitted 17 July, 2014;originally announcedJuly 2014.",Published in proceedings ofACCV2014
TILT: Transform Invariant Low-rank Textures,https://arxiv.org/abs/1012.3216,https://arxiv.org/pdf/1012.3216,"Zhengdong Zhang, Arvind Ganesh, Xiao Liang, Yi Ma","In this paper, we show how to efficiently and effectively extract a class of ""low-rank textures"" in a 3D scene from 2D images despite significant corruptions and warping. The low-rank textures capture geometrically meaningful structures in an image, which encompass conventional local features such as edges and corners as well as all kinds of regular, symmetric patterns ubiquitous in urban environments and man-made objects. Our approach to finding these low-rank textures leverages the recent breakthroughs in convex optimization that enable robust recovery of a high-dimensional low-rank matrix despite gross sparse errors. In the case of planar regions with significant affine or projective deformation, our method can accurately recover both the intrinsic low-rank texture and the precise domain transformation, and hence the 3D geometry and appearance of the planar regions. Extensive experimental results demonstrate that this new technique works effectively for many regular and near-regular patterns or objects that are approximately low-rank, such as symmetrical patterns, building facades, printed texts, and human faces.","Submitted14 December, 2010;originally announcedDecember 2010.",Submitted to IJCV. Conference version presented atACCV2010
